ISO-10303-21;
HEADER;
FILE_DESCRIPTION (( 'STEP AP214' ),
    '1' );
FILE_NAME ('GLX-N-64M_rA6.STEP',
    '2013-03-01T17:07:16',
    ( '' ),
    ( '' ),
    'SwSTEP 2.0',
    'SolidWorks 2012',
    '' );
FILE_SCHEMA (( 'AUTOMOTIVE_DESIGN' ));
ENDSEC;

DATA;
#1 = DIRECTION ( 'NONE',  ( 0.0000000000000000000, 0.0000000000000000000, 1.000000000000000000 ) ) ;
#2 = ORIENTED_EDGE ( 'NONE', *, *, #388, .F. ) ;
#3 = ORIENTED_EDGE ( 'NONE', *, *, #267, .F. ) ;
#4 = ORIENTED_EDGE ( 'NONE', *, *, #474, .F. ) ;
#5 = ORIENTED_EDGE ( 'NONE', *, *, #452, .F. ) ;
#6 = ORIENTED_EDGE ( 'NONE', *, *, #251, .F. ) ;
#7 = ORIENTED_EDGE ( 'NONE', *, *, #272, .F. ) ;
#8 = ORIENTED_EDGE ( 'NONE', *, *, #271, .T. ) ;
#9 = ORIENTED_EDGE ( 'NONE', *, *, #462, .F. ) ;
#10 = ORIENTED_EDGE ( 'NONE', *, *, #248, .F. ) ;
#11 = CARTESIAN_POINT ( 'NONE',  ( 6.000000000000000000, -3.200000000000000200, -6.000000000000000000 ) ) ;
#12 = CARTESIAN_POINT ( 'NONE',  ( 5.575000000000002000, -1.620346103934375200E-016, -7.122218784373171900 ) ) ;
#13 = CARTESIAN_POINT ( 'NONE',  ( 6.425000000000001600, -1.749999999999999800, -4.877781215626829000 ) ) ;
#14 = CARTESIAN_POINT ( 'NONE',  ( 5.887699349422252500, -0.4999999999999874500, -7.075000000000003700 ) ) ;
#15 = DIRECTION ( 'NONE',  ( 0.0000000000000000000, 0.0000000000000000000, -1.000000000000000000 ) ) ;
#16 = DIRECTION ( 'NONE',  ( -0.0000000000000000000, 1.000000000000000000, 0.0000000000000000000 ) ) ;
#17 = CARTESIAN_POINT ( 'NONE',  ( 6.000000000000000000, -1.749999999999999800, -6.000000000000000000 ) ) ;
#18 = CARTESIAN_POINT ( 'NONE',  ( 5.777186990698972100, -0.5468218267275316600, -7.054757406105993700 ) ) ;
#19 = CARTESIAN_POINT ( 'NONE',  ( 5.575000000000002000, -0.9250000000000000400, -6.987420882906575600 ) ) ;
#20 = DIRECTION ( 'NONE',  ( 0.0000000000000000000, 0.0000000000000000000, -1.000000000000000000 ) ) ;
#21 = DIRECTION ( 'NONE',  ( 0.0000000000000000000, 0.0000000000000000000, -1.000000000000000000 ) ) ;
#22 = DIRECTION ( 'NONE',  ( -0.0000000000000000000, 1.000000000000000000, -0.0000000000000000000 ) ) ;
#23 = CARTESIAN_POINT ( 'NONE',  ( 6.000000000000000000, 0.0000000000000000000, -6.000000000000000000 ) ) ;
#24 = CARTESIAN_POINT ( 'NONE',  ( 6.000000000000000000, -1.700000000000000000, -6.000000000000000000 ) ) ;
#25 = CARTESIAN_POINT ( 'NONE',  ( 5.621964203646727200, -0.7019455121970729100, -7.009578010618677800 ) ) ;
#26 = CARTESIAN_POINT ( 'NONE',  ( 5.575000000000001100, -0.8113714413492663100, -6.987420882906574700 ) ) ;
#27 = CARTESIAN_POINT ( 'NONE',  ( 6.425000000000001600, -2.233486468939257700, -4.949091148856782100 ) ) ;
#28 = DIRECTION ( 'NONE',  ( -0.0000000000000000000, 1.000000000000000000, 0.0000000000000000000 ) ) ;
#29 = DIRECTION ( 'NONE',  ( 0.0000000000000000000, -1.000000000000000000, -0.0000000000000000000 ) ) ;
#30 = DIRECTION ( 'NONE',  ( 0.0000000000000000000, -1.000000000000000000, -0.0000000000000000000 ) ) ;
#31 = DIRECTION ( 'NONE',  ( -0.0000000000000000000, 1.000000000000000000, 0.0000000000000000000 ) ) ;
#32 = CARTESIAN_POINT ( 'NONE',  ( 4.940000000000002200, -8.823449541916561500E-017, -5.821044698318255300 ) ) ;
#33 = DIRECTION ( 'NONE',  ( -0.0000000000000000000, 1.000000000000000000, 0.0000000000000000000 ) ) ;
#34 = CARTESIAN_POINT ( 'NONE',  ( 4.940000000000001300, 0.5000000000000000000, -6.149999999999999500 ) ) ;
#35 = CARTESIAN_POINT ( 'NONE',  ( 5.575000000000002000, -1.620346103934375200E-016, -6.987420882906575600 ) ) ;
#36 = CARTESIAN_POINT ( 'NONE',  ( 6.000000000000023100, -0.4999999999997607500, -7.075000000000094300 ) ) ;
#37 = DIRECTION ( 'NONE',  ( 0.0000000000000000000, 0.0000000000000000000, -1.000000000000000000 ) ) ;
#38 = DIRECTION ( 'NONE',  ( 0.0000000000000000000, -1.000000000000000000, 0.0000000000000000000 ) ) ;
#39 = CARTESIAN_POINT ( 'NONE',  ( 0.5100000000000009000, 0.5000000000000000000, -10.84000000000002700 ) ) ;
#40 = CARTESIAN_POINT ( 'NONE',  ( 4.940000000000002200, 0.5000000000000000000, -11.50000000000000000 ) ) ;
#41 = CARTESIAN_POINT ( 'NONE',  ( -4.940000000000001300, 0.5000000000000000000, -6.149999999999999500 ) ) ;
#42 = DIRECTION ( 'NONE',  ( 0.0000000000000000000, 0.0000000000000000000, -1.000000000000000000 ) ) ;
#43 = DIRECTION ( 'NONE',  ( 0.0000000000000000000, -1.000000000000000000, 0.0000000000000000000 ) ) ;
#44 = ORIENTED_EDGE ( 'NONE', *, *, #313, .T. ) ;
#45 = ORIENTED_EDGE ( 'NONE', *, *, #407, .T. ) ;
#46 = ORIENTED_EDGE ( 'NONE', *, *, #246, .F. ) ;
#47 = ORIENTED_EDGE ( 'NONE', *, *, #253, .T. ) ;
#48 = ORIENTED_EDGE ( 'NONE', *, *, #377, .F. ) ;
#49 = ORIENTED_EDGE ( 'NONE', *, *, #248, .T. ) ;
#50 = ORIENTED_EDGE ( 'NONE', *, *, #423, .F. ) ;
#51 = ORIENTED_EDGE ( 'NONE', *, *, #467, .T. ) ;
#52 = ORIENTED_EDGE ( 'NONE', *, *, #244, .F. ) ;
#53 = ORIENTED_EDGE ( 'NONE', *, *, #466, .F. ) ;
#54 = ORIENTED_EDGE ( 'NONE', *, *, #459, .F. ) ;
#55 = ORIENTED_EDGE ( 'NONE', *, *, #470, .T. ) ;
#56 = ORIENTED_EDGE ( 'NONE', *, *, #392, .F. ) ;
#57 = ORIENTED_EDGE ( 'NONE', *, *, #505, .T. ) ;
#58 = ORIENTED_EDGE ( 'NONE', *, *, #472, .T. ) ;
#59 = ORIENTED_EDGE ( 'NONE', *, *, #352, .T. ) ;
#60 = ORIENTED_EDGE ( 'NONE', *, *, #411, .T. ) ;
#61 = ORIENTED_EDGE ( 'NONE', *, *, #245, .T. ) ;
#62 = ORIENTED_EDGE ( 'NONE', *, *, #426, .F. ) ;
#63 = ORIENTED_EDGE ( 'NONE', *, *, #510, .T. ) ;
#64 = ORIENTED_EDGE ( 'NONE', *, *, #399, .T. ) ;
#65 = ORIENTED_EDGE ( 'NONE', *, *, #470, .F. ) ;
#66 = ORIENTED_EDGE ( 'NONE', *, *, #414, .F. ) ;
#67 = ORIENTED_EDGE ( 'NONE', *, *, #460, .T. ) ;
#68 = ORIENTED_EDGE ( 'NONE', *, *, #375, .F. ) ;
#69 = ORIENTED_EDGE ( 'NONE', *, *, #500, .T. ) ;
#70 = VERTEX_POINT ( 'NONE', #2172 ) ;
#71 = ORIENTED_EDGE ( 'NONE', *, *, #504, .T. ) ;
#72 = ORIENTED_EDGE ( 'NONE', *, *, #319, .F. ) ;
#73 = ORIENTED_EDGE ( 'NONE', *, *, #454, .F. ) ;
#74 = ORIENTED_EDGE ( 'NONE', *, *, #246, .T. ) ;
#75 = ORIENTED_EDGE ( 'NONE', *, *, #509, .F. ) ;
#76 = CLOSED_SHELL ( 'NONE', ( #2088, #2086, #2078, #2083, #2074, #2079, #2073, #2071, #2082, #2085, #2089, #2090, #2076, #2087, #2075, #2072, #2077, #2070, #2080, #2081, #2084, #2061, #2060, #1999, #2062, #2035, #2068, #2069, #2028, #2026, #2015, #1995, #2027, #1997, #2033, #2051, #2049, #2018, #1996, #2050, #1993, #2017, #2032, #2052, #1998, #2016, #2031, #2056, #2057, #2043, #2034, #2025, #2041, #2063, #2037, #2048, #2047, #2053, #2008, #2042, #2030, #2024, #2067, #2013, #2001, #2039, #2020, #2007, #2046, #2055, #2054, #2012, #2003, #2000, #2029, #2058, #2006, #2045, #2044, #1994, #2021, #2004, #2064, #2022, #2065, #2011, #2002, #2059, #2010, #2023, #2040, #2066, #2005, #2009, #2038, #2036, #2019, #2014 ) ) ;
#77 = ORIENTED_EDGE ( 'NONE', *, *, #377, .T. ) ;
#78 = ORIENTED_EDGE ( 'NONE', *, *, #363, .F. ) ;
#79 = ORIENTED_EDGE ( 'NONE', *, *, #365, .F. ) ;
#80 = ORIENTED_EDGE ( 'NONE', *, *, #351, .F. ) ;
#81 = ORIENTED_EDGE ( 'NONE', *, *, #463, .T. ) ;
#82 = ORIENTED_EDGE ( 'NONE', *, *, #397, .T. ) ;
#83 = ORIENTED_EDGE ( 'NONE', *, *, #417, .T. ) ;
#84 = ORIENTED_EDGE ( 'NONE', *, *, #452, .T. ) ;
#85 = ORIENTED_EDGE ( 'NONE', *, *, #450, .T. ) ;
#86 = ORIENTED_EDGE ( 'NONE', *, *, #364, .T. ) ;
#87 = ORIENTED_EDGE ( 'NONE', *, *, #497, .T. ) ;
#88 = ORIENTED_EDGE ( 'NONE', *, *, #479, .T. ) ;
#89 = ORIENTED_EDGE ( 'NONE', *, *, #413, .F. ) ;
#90 = ORIENTED_EDGE ( 'NONE', *, *, #506, .T. ) ;
#91 = ORIENTED_EDGE ( 'NONE', *, *, #323, .T. ) ;
#92 = ORIENTED_EDGE ( 'NONE', *, *, #373, .F. ) ;
#93 = ORIENTED_EDGE ( 'NONE', *, *, #402, .T. ) ;
#94 = ORIENTED_EDGE ( 'NONE', *, *, #458, .T. ) ;
#95 = ORIENTED_EDGE ( 'NONE', *, *, #383, .F. ) ;
#96 = ORIENTED_EDGE ( 'NONE', *, *, #463, .F. ) ;
#97 = ORIENTED_EDGE ( 'NONE', *, *, #387, .T. ) ;
#98 = ORIENTED_EDGE ( 'NONE', *, *, #390, .T. ) ;
#99 = ORIENTED_EDGE ( 'NONE', *, *, #506, .F. ) ;
#100 = ORIENTED_EDGE ( 'NONE', *, *, #354, .T. ) ;
#101 = ORIENTED_EDGE ( 'NONE', *, *, #454, .T. ) ;
#102 = ORIENTED_EDGE ( 'NONE', *, *, #341, .F. ) ;
#103 = ORIENTED_EDGE ( 'NONE', *, *, #391, .F. ) ;
#104 = ORIENTED_EDGE ( 'NONE', *, *, #374, .T. ) ;
#105 = ORIENTED_EDGE ( 'NONE', *, *, #382, .T. ) ;
#106 = ORIENTED_EDGE ( 'NONE', *, *, #472, .F. ) ;
#107 = ORIENTED_EDGE ( 'NONE', *, *, #465, .T. ) ;
#108 = ORIENTED_EDGE ( 'NONE', *, *, #401, .T. ) ;
#109 = ORIENTED_EDGE ( 'NONE', *, *, #379, .F. ) ;
#110 = ORIENTED_EDGE ( 'NONE', *, *, #451, .T. ) ;
#111 = ORIENTED_EDGE ( 'NONE', *, *, #453, .T. ) ;
#112 = VERTEX_POINT ( 'NONE', #2181 ) ;
#113 = ORIENTED_EDGE ( 'NONE', *, *, #448, .T. ) ;
#114 = ORIENTED_EDGE ( 'NONE', *, *, #509, .T. ) ;
#115 = ORIENTED_EDGE ( 'NONE', *, *, #456, .T. ) ;
#116 = ORIENTED_EDGE ( 'NONE', *, *, #250, .F. ) ;
#117 = ORIENTED_EDGE ( 'NONE', *, *, #464, .T. ) ;
#118 = ORIENTED_EDGE ( 'NONE', *, *, #403, .T. ) ;
#119 = ORIENTED_EDGE ( 'NONE', *, *, #406, .F. ) ;
#120 = ORIENTED_EDGE ( 'NONE', *, *, #459, .T. ) ;
#121 = VERTEX_POINT ( 'NONE', #2182 ) ;
#122 = ORIENTED_EDGE ( 'NONE', *, *, #366, .F. ) ;
#123 = ORIENTED_EDGE ( 'NONE', *, *, #415, .T. ) ;
#124 = ORIENTED_EDGE ( 'NONE', *, *, #441, .F. ) ;
#125 = ORIENTED_EDGE ( 'NONE', *, *, #249, .F. ) ;
#126 = ORIENTED_EDGE ( 'NONE', *, *, #358, .T. ) ;
#127 = ORIENTED_EDGE ( 'NONE', *, *, #447, .F. ) ;
#128 = VERTEX_POINT ( 'NONE', #2179 ) ;
#129 = ORIENTED_EDGE ( 'NONE', *, *, #404, .F. ) ;
#130 = ORIENTED_EDGE ( 'NONE', *, *, #393, .F. ) ;
#131 = ORIENTED_EDGE ( 'NONE', *, *, #449, .T. ) ;
#132 = ORIENTED_EDGE ( 'NONE', *, *, #444, .T. ) ;
#133 = ORIENTED_EDGE ( 'NONE', *, *, #413, .T. ) ;
#134 = ORIENTED_EDGE ( 'NONE', *, *, #385, .F. ) ;
#135 = ORIENTED_EDGE ( 'NONE', *, *, #400, .T. ) ;
#136 = ORIENTED_EDGE ( 'NONE', *, *, #399, .F. ) ;
#137 = ORIENTED_EDGE ( 'NONE', *, *, #416, .F. ) ;
#138 = ORIENTED_EDGE ( 'NONE', *, *, #461, .T. ) ;
#139 = ORIENTED_EDGE ( 'NONE', *, *, #361, .F. ) ;
#140 = ORIENTED_EDGE ( 'NONE', *, *, #411, .F. ) ;
#141 = ORIENTED_EDGE ( 'NONE', *, *, #498, .T. ) ;
#142 = ORIENTED_EDGE ( 'NONE', *, *, #468, .T. ) ;
#143 = ORIENTED_EDGE ( 'NONE', *, *, #360, .T. ) ;
#144 = ORIENTED_EDGE ( 'NONE', *, *, #316, .T. ) ;
#145 = ORIENTED_EDGE ( 'NONE', *, *, #318, .T. ) ;
#146 = ORIENTED_EDGE ( 'NONE', *, *, #340, .T. ) ;
#147 = ORIENTED_EDGE ( 'NONE', *, *, #376, .T. ) ;
#148 = ORIENTED_EDGE ( 'NONE', *, *, #398, .T. ) ;
#149 = ORIENTED_EDGE ( 'NONE', *, *, #369, .T. ) ;
#150 = ORIENTED_EDGE ( 'NONE', *, *, #353, .T. ) ;
#151 = ORIENTED_EDGE ( 'NONE', *, *, #439, .T. ) ;
#152 = ORIENTED_EDGE ( 'NONE', *, *, #412, .T. ) ;
#153 = ORIENTED_EDGE ( 'NONE', *, *, #404, .T. ) ;
#154 = ORIENTED_EDGE ( 'NONE', *, *, #380, .T. ) ;
#155 = ORIENTED_EDGE ( 'NONE', *, *, #315, .F. ) ;
#156 = ORIENTED_EDGE ( 'NONE', *, *, #510, .F. ) ;
#157 = ORIENTED_EDGE ( 'NONE', *, *, #372, .T. ) ;
#158 = ORIENTED_EDGE ( 'NONE', *, *, #457, .T. ) ;
#159 = ORIENTED_EDGE ( 'NONE', *, *, #445, .F. ) ;
#160 = ORIENTED_EDGE ( 'NONE', *, *, #373, .T. ) ;
#161 = ORIENTED_EDGE ( 'NONE', *, *, #379, .T. ) ;
#162 = ORIENTED_EDGE ( 'NONE', *, *, #497, .F. ) ;
#163 = ORIENTED_EDGE ( 'NONE', *, *, #244, .T. ) ;
#164 = ORIENTED_EDGE ( 'NONE', *, *, #339, .T. ) ;
#165 = ORIENTED_EDGE ( 'NONE', *, *, #366, .T. ) ;
#166 = ORIENTED_EDGE ( 'NONE', *, *, #424, .F. ) ;
#167 = ORIENTED_EDGE ( 'NONE', *, *, #409, .T. ) ;
#168 = ORIENTED_EDGE ( 'NONE', *, *, #408, .T. ) ;
#169 = ORIENTED_EDGE ( 'NONE', *, *, #356, .F. ) ;
#170 = ORIENTED_EDGE ( 'NONE', *, *, #381, .F. ) ;
#171 = ORIENTED_EDGE ( 'NONE', *, *, #367, .F. ) ;
#172 = VERTEX_POINT ( 'NONE', #2185 ) ;
#173 = ORIENTED_EDGE ( 'NONE', *, *, #251, .T. ) ;
#174 = ORIENTED_EDGE ( 'NONE', *, *, #397, .F. ) ;
#175 = ORIENTED_EDGE ( 'NONE', *, *, #324, .F. ) ;
#176 = ORIENTED_EDGE ( 'NONE', *, *, #359, .T. ) ;
#177 = ORIENTED_EDGE ( 'NONE', *, *, #462, .T. ) ;
#178 = ORIENTED_EDGE ( 'NONE', *, *, #356, .T. ) ;
#179 = ORIENTED_EDGE ( 'NONE', *, *, #394, .T. ) ;
#180 = VERTEX_POINT ( 'NONE', #2176 ) ;
#181 = ORIENTED_EDGE ( 'NONE', *, *, #382, .F. ) ;
#182 = ORIENTED_EDGE ( 'NONE', *, *, #384, .T. ) ;
#183 = ORIENTED_EDGE ( 'NONE', *, *, #253, .F. ) ;
#184 = ORIENTED_EDGE ( 'NONE', *, *, #392, .T. ) ;
#185 = ORIENTED_EDGE ( 'NONE', *, *, #429, .F. ) ;
#186 = ORIENTED_EDGE ( 'NONE', *, *, #385, .T. ) ;
#187 = ORIENTED_EDGE ( 'NONE', *, *, #508, .T. ) ;
#188 = ORIENTED_EDGE ( 'NONE', *, *, #431, .F. ) ;
#189 = ORIENTED_EDGE ( 'NONE', *, *, #455, .T. ) ;
#190 = ORIENTED_EDGE ( 'NONE', *, *, #499, .T. ) ;
#191 = ORIENTED_EDGE ( 'NONE', *, *, #502, .T. ) ;
#192 = ORIENTED_EDGE ( 'NONE', *, *, #443, .F. ) ;
#193 = ORIENTED_EDGE ( 'NONE', *, *, #362, .F. ) ;
#194 = ORIENTED_EDGE ( 'NONE', *, *, #350, .T. ) ;
#195 = ORIENTED_EDGE ( 'NONE', *, *, #252, .F. ) ;
#196 = VERTEX_POINT ( 'NONE', #2167 ) ;
#197 = ORIENTED_EDGE ( 'NONE', *, *, #378, .T. ) ;
#198 = ORIENTED_EDGE ( 'NONE', *, *, #374, .F. ) ;
#199 = ORIENTED_EDGE ( 'NONE', *, *, #375, .T. ) ;
#200 = ORIENTED_EDGE ( 'NONE', *, *, #381, .T. ) ;
#201 = ORIENTED_EDGE ( 'NONE', *, *, #473, .T. ) ;
#202 = ORIENTED_EDGE ( 'NONE', *, *, #434, .T. ) ;
#203 = ORIENTED_EDGE ( 'NONE', *, *, #433, .F. ) ;
#204 = ORIENTED_EDGE ( 'NONE', *, *, #383, .T. ) ;
#205 = ORIENTED_EDGE ( 'NONE', *, *, #386, .T. ) ;
#206 = ORIENTED_EDGE ( 'NONE', *, *, #357, .F. ) ;
#207 = ORIENTED_EDGE ( 'NONE', *, *, #440, .T. ) ;
#208 = ORIENTED_EDGE ( 'NONE', *, *, #501, .F. ) ;
#209 = ORIENTED_EDGE ( 'NONE', *, *, #355, .T. ) ;
#210 = ORIENTED_EDGE ( 'NONE', *, *, #396, .T. ) ;
#211 = ORIENTED_EDGE ( 'NONE', *, *, #507, .T. ) ;
#212 = ORIENTED_EDGE ( 'NONE', *, *, #314, .F. ) ;
#213 = ORIENTED_EDGE ( 'NONE', *, *, #300, .F. ) ;
#214 = ORIENTED_EDGE ( 'NONE', *, *, #442, .F. ) ;
#215 = ORIENTED_EDGE ( 'NONE', *, *, #359, .F. ) ;
#216 = ORIENTED_EDGE ( 'NONE', *, *, #371, .F. ) ;
#217 = ORIENTED_EDGE ( 'NONE', *, *, #501, .T. ) ;
#218 = ORIENTED_EDGE ( 'NONE', *, *, #388, .T. ) ;
#219 = ORIENTED_EDGE ( 'NONE', *, *, #403, .F. ) ;
#220 = ORIENTED_EDGE ( 'NONE', *, *, #391, .T. ) ;
#221 = ORIENTED_EDGE ( 'NONE', *, *, #252, .T. ) ;
#222 = ORIENTED_EDGE ( 'NONE', *, *, #471, .T. ) ;
#223 = ORIENTED_EDGE ( 'NONE', *, *, #342, .F. ) ;
#224 = ORIENTED_EDGE ( 'NONE', *, *, #405, .F. ) ;
#225 = ORIENTED_EDGE ( 'NONE', *, *, #469, .T. ) ;
#226 = ORIENTED_EDGE ( 'NONE', *, *, #361, .T. ) ;
#227 = ORIENTED_EDGE ( 'NONE', *, *, #317, .F. ) ;
#228 = ORIENTED_EDGE ( 'NONE', *, *, #357, .T. ) ;
#229 = ORIENTED_EDGE ( 'NONE', *, *, #410, .T. ) ;
#230 = ORIENTED_EDGE ( 'NONE', *, *, #443, .T. ) ;
#231 = ORIENTED_EDGE ( 'NONE', *, *, #314, .T. ) ;
#232 = ORIENTED_EDGE ( 'NONE', *, *, #414, .T. ) ;
#233 = ORIENTED_EDGE ( 'NONE', *, *, #247, .T. ) ;
#234 = ORIENTED_EDGE ( 'NONE', *, *, #474, .T. ) ;
#235 = ORIENTED_EDGE ( 'NONE', *, *, #439, .F. ) ;
#236 = ORIENTED_EDGE ( 'NONE', *, *, #416, .T. ) ;
#237 = ORIENTED_EDGE ( 'NONE', *, *, #466, .T. ) ;
#238 = ORIENTED_EDGE ( 'NONE', *, *, #503, .T. ) ;
#239 = ORIENTED_EDGE ( 'NONE', *, *, #418, .T. ) ;
#240 = ORIENTED_EDGE ( 'NONE', *, *, #446, .T. ) ;
#241 = ORIENTED_EDGE ( 'NONE', *, *, #367, .T. ) ;
#242 = ORIENTED_EDGE ( 'NONE', *, *, #469, .F. ) ;
#243 = ORIENTED_EDGE ( 'NONE', *, *, #386, .F. ) ;
#244 = EDGE_CURVE ( 'NONE', #2583, #2582, #2804, .T. ) ;
#245 = EDGE_CURVE ( 'NONE', #2592, #2584, #2807, .T. ) ;
#246 = EDGE_CURVE ( 'NONE', #2582, #2628, #2803, .T. ) ;
#247 = EDGE_CURVE ( 'NONE', #2621, #2620, #2809, .T. ) ;
#248 = EDGE_CURVE ( 'NONE', #2630, #2621, #2806, .T. ) ;
#249 = EDGE_CURVE ( 'NONE', #2630, #2626, #2813, .T. ) ;
#250 = EDGE_CURVE ( 'NONE', #2516, #2662, #2811, .T. ) ;
#251 = EDGE_CURVE ( 'NONE', #2624, #2653, #2815, .T. ) ;
#252 = EDGE_CURVE ( 'NONE', #2628, #2624, #2817, .T. ) ;
#253 = EDGE_CURVE ( 'NONE', #2628, #2642, #2821, .T. ) ;
#254 = EDGE_CURVE ( 'NONE', #2590, #2660, #2823, .T. ) ;
#255 = EDGE_CURVE ( 'NONE', #2579, #2593, #2819, .T. ) ;
#256 = EDGE_CURVE ( 'NONE', #2579, #2610, #2825, .T. ) ;
#257 = EDGE_CURVE ( 'NONE', #2576, #2608, #2827, .T. ) ;
#258 = EDGE_CURVE ( 'NONE', #2615, #2576, #2831, .T. ) ;
#259 = EDGE_CURVE ( 'NONE', #2579, #2606, #2829, .T. ) ;
#260 = EDGE_CURVE ( 'NONE', #2602, #2576, #2833, .T. ) ;
#261 = EDGE_CURVE ( 'NONE', #2596, #2600, #2837, .T. ) ;
#262 = EDGE_CURVE ( 'NONE', #2578, #2604, #2835, .T. ) ;
#263 = EDGE_CURVE ( 'NONE', #2596, #2578, #2839, .T. ) ;
#264 = EDGE_CURVE ( 'NONE', #2578, #2671, #2842, .T. ) ;
#265 = EDGE_CURVE ( 'NONE', #2639, #2596, #2844, .T. ) ;
#266 = EDGE_CURVE ( 'NONE', #2626, #2603, #1085, .T. ) ;
#267 = EDGE_CURVE ( 'NONE', #2597, #2630, #1086, .T. ) ;
#268 = EDGE_CURVE ( 'NONE', #2654, #2618, #1088, .T. ) ;
#269 = EDGE_CURVE ( 'NONE', #2587, #2619, #1127, .T. ) ;
#270 = EDGE_CURVE ( 'NONE', #2598, #2620, #1130, .T. ) ;
#271 = EDGE_CURVE ( 'NONE', #2599, #2621, #1140, .T. ) ;
#272 = EDGE_CURVE ( 'NONE', #2622, #2624, #1146, .T. ) ;
#273 = EDGE_CURVE ( 'NONE', #2614, #2584, #1157, .T. ) ;
#274 = EDGE_CURVE ( 'NONE', #2613, #2592, #1155, .T. ) ;
#275 = EDGE_CURVE ( 'NONE', #2612, #2601, #1084, .T. ) ;
#276 = EDGE_CURVE ( 'NONE', #2631, #2633, #2847, .T. ) ;
#277 = EDGE_CURVE ( 'NONE', #2483, #2580, #1013, .T. ) ;
#278 = EDGE_CURVE ( 'NONE', #2580, #2646, #2850, .T. ) ;
#279 = EDGE_CURVE ( 'NONE', #2647, #2577, #2851, .T. ) ;
#280 = EDGE_CURVE ( 'NONE', #2577, #2489, #1070, .T. ) ;
#281 = EDGE_CURVE ( 'NONE', #2571, #2572, #2849, .T. ) ;
#282 = EDGE_CURVE ( 'NONE', #2571, #2492, #2854, .T. ) ;
#283 = EDGE_CURVE ( 'NONE', #2486, #2572, #2855, .T. ) ;
#284 = EDGE_CURVE ( 'NONE', #2572, #2573, #2857, .T. ) ;
#285 = EDGE_CURVE ( 'NONE', #2570, #2573, #2859, .T. ) ;
#286 = EDGE_CURVE ( 'NONE', #2570, #2571, #2852, .T. ) ;
#287 = EDGE_CURVE ( 'NONE', #2574, #2575, #2862, .T. ) ;
#288 = EDGE_CURVE ( 'NONE', #2574, #2570, #1712, .T. ) ;
#289 = EDGE_CURVE ( 'NONE', #2573, #2575, #1719, .T. ) ;
#290 = EDGE_CURVE ( 'NONE', #2575, #2574, #2865, .T. ) ;
#291 = EDGE_CURVE ( 'NONE', #2580, #2577, #2861, .T. ) ;
#292 = EDGE_CURVE ( 'NONE', #2484, #2488, #2866, .T. ) ;
#293 = EDGE_CURVE ( 'NONE', #2472, #128, #2867, .T. ) ;
#294 = EDGE_CURVE ( 'NONE', #2506, #2535, #2869, .T. ) ;
#295 = EDGE_CURVE ( 'NONE', #1972, #1971, #2871, .T. ) ;
#296 = EDGE_CURVE ( 'NONE', #2346, #2451, #2873, .T. ) ;
#297 = EDGE_CURVE ( 'NONE', #2453, #2468, #2875, .T. ) ;
#298 = EDGE_CURVE ( 'NONE', #2344, #2471, #2876, .T. ) ;
#299 = EDGE_CURVE ( 'NONE', #2588, #2581, #2877, .T. ) ;
#300 = EDGE_CURVE ( 'NONE', #2595, #2659, #2878, .T. ) ;
#301 = EDGE_CURVE ( 'NONE', #2380, #2481, #2879, .T. ) ;
#302 = EDGE_CURVE ( 'NONE', #196, #2228, #2880, .T. ) ;
#303 = EDGE_CURVE ( 'NONE', #2359, #196, #2884, .T. ) ;
#304 = EDGE_CURVE ( 'NONE', #2535, #2352, #2882, .T. ) ;
#305 = EDGE_CURVE ( 'NONE', #172, #2504, #2887, .T. ) ;
#306 = EDGE_CURVE ( 'NONE', #867, #2504, #2889, .T. ) ;
#307 = EDGE_CURVE ( 'NONE', #2380, #172, #2886, .T. ) ;
#308 = EDGE_CURVE ( 'NONE', #2359, #2395, #2891, .T. ) ;
#309 = EDGE_CURVE ( 'NONE', #2497, #172, #2893, .T. ) ;
#310 = EDGE_CURVE ( 'NONE', #2352, #196, #2895, .T. ) ;
#311 = EDGE_CURVE ( 'NONE', #867, #2380, #2897, .T. ) ;
#312 = EDGE_CURVE ( 'NONE', #2499, #2535, #1721, .T. ) ;
#313 = EDGE_CURVE ( 'NONE', #2654, #2587, #2892, .T. ) ;
#314 = EDGE_CURVE ( 'NONE', #2585, #2586, #2901, .T. ) ;
#315 = EDGE_CURVE ( 'NONE', #2585, #2602, #2902, .T. ) ;
#316 = EDGE_CURVE ( 'NONE', #2587, #2598, #2905, .T. ) ;
#317 = EDGE_CURVE ( 'NONE', #2375, #1961, #2907, .T. ) ;
#318 = EDGE_CURVE ( 'NONE', #2375, #2510, #2903, .T. ) ;
#319 = EDGE_CURVE ( 'NONE', #2508, #2510, #2909, .T. ) ;
#320 = EDGE_CURVE ( 'NONE', #2395, #2352, #2912, .T. ) ;
#321 = EDGE_CURVE ( 'NONE', #2506, #2501, #1724, .T. ) ;
#322 = EDGE_CURVE ( 'NONE', #2395, #2506, #2911, .T. ) ;
#323 = EDGE_CURVE ( 'NONE', #70, #1978, #2916, .T. ) ;
#324 = EDGE_CURVE ( 'NONE', #2367, #180, #2915, .T. ) ;
#325 = EDGE_CURVE ( 'NONE', #2437, #180, #2919, .T. ) ;
#326 = EDGE_CURVE ( 'NONE', #2675, #2228, #2917, .T. ) ;
#327 = EDGE_CURVE ( 'NONE', #2673, #121, #2921, .T. ) ;
#328 = EDGE_CURVE ( 'NONE', #2675, #2359, #2922, .T. ) ;
#329 = EDGE_CURVE ( 'NONE', #2673, #867, #1726, .T. ) ;
#330 = EDGE_CURVE ( 'NONE', #121, #2673, #2923, .T. ) ;
#331 = EDGE_CURVE ( 'NONE', #2228, #2670, #1729, .T. ) ;
#332 = EDGE_CURVE ( 'NONE', #2354, #2675, #1732, .T. ) ;
#333 = EDGE_CURVE ( 'NONE', #70, #2508, #2928, .T. ) ;
#334 = EDGE_CURVE ( 'NONE', #2504, #121, #1734, .T. ) ;
#335 = EDGE_CURVE ( 'NONE', #2354, #2670, #2927, .T. ) ;
#336 = EDGE_CURVE ( 'NONE', #2501, #2472, #1737, .T. ) ;
#337 = EDGE_CURVE ( 'NONE', #128, #2499, #1739, .T. ) ;
#338 = EDGE_CURVE ( 'NONE', #2437, #2501, #2929, .T. ) ;
#339 = EDGE_CURVE ( 'NONE', #2534, #112, #2930, .T. ) ;
#340 = EDGE_CURVE ( 'NONE', #2477, #2536, #2931, .T. ) ;
#341 = EDGE_CURVE ( 'NONE', #2474, #2512, #2934, .T. ) ;
#342 = EDGE_CURVE ( 'NONE', #2512, #2457, #2932, .T. ) ;
#343 = EDGE_CURVE ( 'NONE', #2536, #2534, #2937, .T. ) ;
#344 = EDGE_CURVE ( 'NONE', #2475, #2477, #2936, .T. ) ;
#345 = EDGE_CURVE ( 'NONE', #2481, #128, #2939, .T. ) ;
#346 = EDGE_CURVE ( 'NONE', #2472, #2497, #2941, .T. ) ;
#347 = EDGE_CURVE ( 'NONE', #2475, #2499, #2943, .T. ) ;
#348 = EDGE_CURVE ( 'NONE', #112, #2437, #2940, .T. ) ;
#349 = EDGE_CURVE ( 'NONE', #2481, #2497, #2947, .T. ) ;
#350 = EDGE_CURVE ( 'NONE', #2650, #2591, #2948, .T. ) ;
#351 = EDGE_CURVE ( 'NONE', #2609, #2594, #2945, .T. ) ;
#352 = EDGE_CURVE ( 'NONE', #2603, #2601, #2951, .T. ) ;
#353 = EDGE_CURVE ( 'NONE', #2609, #2603, #2949, .T. ) ;
#354 = EDGE_CURVE ( 'NONE', #2593, #2594, #2955, .T. ) ;
#355 = EDGE_CURVE ( 'NONE', #2357, #2667, #2953, .T. ) ;
#356 = EDGE_CURVE ( 'NONE', #2649, #2638, #2957, .T. ) ;
#357 = EDGE_CURVE ( 'NONE', #2469, #2662, #2961, .T. ) ;
#358 = EDGE_CURVE ( 'NONE', #2674, #2648, #2959, .T. ) ;
#359 = EDGE_CURVE ( 'NONE', #2672, #2655, #2963, .T. ) ;
#360 = EDGE_CURVE ( 'NONE', #2669, #2672, #2967, .T. ) ;
#361 = EDGE_CURVE ( 'NONE', #2645, #2648, #2969, .T. ) ;
#362 = EDGE_CURVE ( 'NONE', #2662, #2639, #2965, .T. ) ;
#363 = EDGE_CURVE ( 'NONE', #2668, #112, #2972, .T. ) ;
#364 = EDGE_CURVE ( 'NONE', #2647, #2646, #2974, .T. ) ;
#365 = EDGE_CURVE ( 'NONE', #2477, #2672, #2971, .T. ) ;
#366 = EDGE_CURVE ( 'NONE', #2656, #2654, #2977, .T. ) ;
#367 = EDGE_CURVE ( 'NONE', #2474, #2508, #2979, .T. ) ;
#368 = EDGE_CURVE ( 'NONE', #2670, #2354, #2976, .T. ) ;
#369 = EDGE_CURVE ( 'NONE', #2348, #2637, #2983, .T. ) ;
#370 = EDGE_CURVE ( 'NONE', #2671, #2663, #2981, .T. ) ;
#371 = EDGE_CURVE ( 'NONE', #2639, #2634, #2986, .T. ) ;
#372 = EDGE_CURVE ( 'NONE', #2644, #2643, #2985, .T. ) ;
#373 = EDGE_CURVE ( 'NONE', #2650, #2666, #2988, .T. ) ;
#374 = EDGE_CURVE ( 'NONE', #2665, #2657, #2992, .T. ) ;
#375 = EDGE_CURVE ( 'NONE', #2652, #2651, #2994, .T. ) ;
#376 = EDGE_CURVE ( 'NONE', #2643, #2645, #1741, .T. ) ;
#377 = EDGE_CURVE ( 'NONE', #2665, #2659, #2990, .T. ) ;
#378 = EDGE_CURVE ( 'NONE', #2538, #2654, #2999, .T. ) ;
#379 = EDGE_CURVE ( 'NONE', #2636, #2637, #3000, .T. ) ;
#380 = EDGE_CURVE ( 'NONE', #1978, #2538, #2998, .T. ) ;
#381 = EDGE_CURVE ( 'NONE', #2643, #2644, #3004, .T. ) ;
#382 = EDGE_CURVE ( 'NONE', #2480, #2510, #3006, .T. ) ;
#383 = EDGE_CURVE ( 'NONE', #2636, #2634, #3002, .T. ) ;
#384 = EDGE_CURVE ( 'NONE', #2648, #2644, #1744, .T. ) ;
#385 = EDGE_CURVE ( 'NONE', #2656, #2652, #3007, .T. ) ;
#386 = EDGE_CURVE ( 'NONE', #2661, #2660, #3012, .T. ) ;
#387 = EDGE_CURVE ( 'NONE', #2637, #2633, #3013, .T. ) ;
#388 = EDGE_CURVE ( 'NONE', #2653, #2638, #3015, .T. ) ;
#389 = EDGE_CURVE ( 'NONE', #2669, #2538, #3011, .T. ) ;
#390 = EDGE_CURVE ( 'NONE', #2641, #2466, #3018, .T. ) ;
#391 = EDGE_CURVE ( 'NONE', #2375, #2476, #3019, .T. ) ;
#392 = EDGE_CURVE ( 'NONE', #2641, #2649, #3017, .T. ) ;
#393 = EDGE_CURVE ( 'NONE', #70, #2666, #3022, .T. ) ;
#394 = EDGE_CURVE ( 'NONE', #2645, #2664, #3024, .T. ) ;
#395 = EDGE_CURVE ( 'NONE', #2671, #2667, #3026, .T. ) ;
#396 = EDGE_CURVE ( 'NONE', #2658, #2655, #3028, .T. ) ;
#397 = EDGE_CURVE ( 'NONE', #2668, #2658, #3030, .T. ) ;
#398 = EDGE_CURVE ( 'NONE', #2646, #2674, #3032, .T. ) ;
#399 = EDGE_CURVE ( 'NONE', #2457, #2653, #3034, .T. ) ;
#400 = EDGE_CURVE ( 'NONE', #2664, #2647, #3036, .T. ) ;
#401 = EDGE_CURVE ( 'NONE', #2536, #2534, #1746, .T. ) ;
#402 = EDGE_CURVE ( 'NONE', #2667, #180, #3020, .T. ) ;
#403 = EDGE_CURVE ( 'NONE', #2657, #2512, #3041, .T. ) ;
#404 = EDGE_CURVE ( 'NONE', #2664, #2674, #3042, .T. ) ;
#405 = EDGE_CURVE ( 'NONE', #2666, #2661, #3044, .T. ) ;
#406 = EDGE_CURVE ( 'NONE', #2663, #2668, #3045, .T. ) ;
#407 = EDGE_CURVE ( 'NONE', #2660, #2659, #3047, .T. ) ;
#408 = EDGE_CURVE ( 'NONE', #2651, #2650, #3049, .T. ) ;
#409 = EDGE_CURVE ( 'NONE', #2585, #2583, #3051, .T. ) ;
#410 = EDGE_CURVE ( 'NONE', #2583, #2593, #3052, .T. ) ;
#411 = EDGE_CURVE ( 'NONE', #2642, #2627, #3054, .T. ) ;
#412 = EDGE_CURVE ( 'NONE', #2632, #2627, #3040, .T. ) ;
#413 = EDGE_CURVE ( 'NONE', #2632, #2657, #3058, .T. ) ;
#414 = EDGE_CURVE ( 'NONE', #2629, #2636, #3056, .T. ) ;
#415 = EDGE_CURVE ( 'NONE', #2635, #2629, #3061, .T. ) ;
#416 = EDGE_CURVE ( 'NONE', #2635, #2649, #3063, .T. ) ;
#417 = EDGE_CURVE ( 'NONE', #2631, #2641, #3065, .T. ) ;
#418 = EDGE_CURVE ( 'NONE', #2633, #2631, #1748, .T. ) ;
#419 = EDGE_CURVE ( 'NONE', #1978, #2475, #3059, .T. ) ;
#420 = EDGE_CURVE ( 'NONE', #2464, #2467, #3070, .T. ) ;
#421 = EDGE_CURVE ( 'NONE', #2455, #2461, #3069, .T. ) ;
#422 = EDGE_CURVE ( 'NONE', #2516, #2357, #3067, .T. ) ;
#423 = EDGE_CURVE ( 'NONE', #2478, #2516, #3071, .T. ) ;
#424 = EDGE_CURVE ( 'NONE', #1961, #2491, #3074, .T. ) ;
#425 = EDGE_CURVE ( 'NONE', #2367, #1961, #3076, .T. ) ;
#426 = EDGE_CURVE ( 'NONE', #2357, #2367, #3078, .T. ) ;
#427 = EDGE_CURVE ( 'NONE', #2494, #2495, #3079, .T. ) ;
#428 = EDGE_CURVE ( 'NONE', #1969, #2204, #3072, .T. ) ;
#429 = EDGE_CURVE ( 'NONE', #2480, #2474, #3081, .T. ) ;
#430 = EDGE_CURVE ( 'NONE', #2480, #2476, #3083, .T. ) ;
#431 = EDGE_CURVE ( 'NONE', #2491, #2476, #3085, .T. ) ;
#432 = EDGE_CURVE ( 'NONE', #2491, #2478, #3086, .T. ) ;
#433 = EDGE_CURVE ( 'NONE', #2469, #2478, #3088, .T. ) ;
#434 = EDGE_CURVE ( 'NONE', #2469, #2348, #3089, .T. ) ;
#435 = EDGE_CURVE ( 'NONE', #2348, #2483, #3091, .T. ) ;
#436 = EDGE_CURVE ( 'NONE', #2484, #2483, #1751, .T. ) ;
#437 = EDGE_CURVE ( 'NONE', #2492, #2484, #3092, .T. ) ;
#438 = EDGE_CURVE ( 'NONE', #2581, #2632, #3082, .T. ) ;
#439 = EDGE_CURVE ( 'NONE', #2581, #2665, #3096, .T. ) ;
#440 = EDGE_CURVE ( 'NONE', #2608, #2611, #3098, .T. ) ;
#441 = EDGE_CURVE ( 'NONE', #2608, #2606, #3095, .T. ) ;
#442 = EDGE_CURVE ( 'NONE', #2615, #2611, #3102, .T. ) ;
#443 = EDGE_CURVE ( 'NONE', #2611, #2607, #3100, .T. ) ;
#444 = EDGE_CURVE ( 'NONE', #2610, #2607, #3106, .T. ) ;
#445 = EDGE_CURVE ( 'NONE', #2610, #2609, #3104, .T. ) ;
#446 = EDGE_CURVE ( 'NONE', #2640, #2609, #3110, .T. ) ;
#447 = EDGE_CURVE ( 'NONE', #2640, #2615, #3112, .T. ) ;
#448 = EDGE_CURVE ( 'NONE', #2612, #2626, #3114, .T. ) ;
#449 = EDGE_CURVE ( 'NONE', #2613, #2612, #3116, .T. ) ;
#450 = EDGE_CURVE ( 'NONE', #2614, #2613, #3118, .T. ) ;
#451 = EDGE_CURVE ( 'NONE', #2622, #2614, #3120, .T. ) ;
#452 = EDGE_CURVE ( 'NONE', #2638, #2622, #3122, .T. ) ;
#453 = EDGE_CURVE ( 'NONE', #2616, #2635, #3124, .T. ) ;
#454 = EDGE_CURVE ( 'NONE', #2625, #2616, #3126, .T. ) ;
#455 = EDGE_CURVE ( 'NONE', #2655, #2625, #3127, .T. ) ;
#456 = EDGE_CURVE ( 'NONE', #2618, #2669, #3129, .T. ) ;
#457 = EDGE_CURVE ( 'NONE', #2619, #2618, #3130, .T. ) ;
#458 = EDGE_CURVE ( 'NONE', #2620, #2619, #3132, .T. ) ;
#459 = EDGE_CURVE ( 'NONE', #2602, #2598, #3134, .T. ) ;
#460 = EDGE_CURVE ( 'NONE', #2640, #2623, #3108, .T. ) ;
#461 = EDGE_CURVE ( 'NONE', #2597, #2640, #3136, .T. ) ;
#462 = EDGE_CURVE ( 'NONE', #2599, #2597, #3140, .T. ) ;
#463 = EDGE_CURVE ( 'NONE', #2623, #2599, #3142, .T. ) ;
#464 = EDGE_CURVE ( 'NONE', #2629, #2617, #3144, .T. ) ;
#465 = EDGE_CURVE ( 'NONE', #2627, #2588, #3138, .T. ) ;
#466 = EDGE_CURVE ( 'NONE', #2642, #2652, #3147, .T. ) ;
#467 = EDGE_CURVE ( 'NONE', #2589, #2651, #3149, .T. ) ;
#468 = EDGE_CURVE ( 'NONE', #2590, #2589, #3151, .T. ) ;
#469 = EDGE_CURVE ( 'NONE', #2591, #2661, #3153, .T. ) ;
#470 = EDGE_CURVE ( 'NONE', #2593, #2592, #3155, .T. ) ;
#471 = EDGE_CURVE ( 'NONE', #2601, #2592, #3157, .T. ) ;
#472 = EDGE_CURVE ( 'NONE', #2594, #2601, #3159, .T. ) ;
#473 = EDGE_CURVE ( 'NONE', #2623, #2602, #3161, .T. ) ;
#474 = EDGE_CURVE ( 'NONE', #2598, #2599, #3163, .T. ) ;
#475 = EDGE_CURVE ( 'NONE', #2492, #2486, #3165, .T. ) ;
#476 = EDGE_CURVE ( 'NONE', #2488, #2486, #3167, .T. ) ;
#477 = EDGE_CURVE ( 'NONE', #2489, #2488, #1754, .T. ) ;
#478 = EDGE_CURVE ( 'NONE', #2466, #2489, #3168, .T. ) ;
#479 = EDGE_CURVE ( 'NONE', #2466, #2457, #3146, .T. ) ;
#480 = EDGE_CURVE ( 'NONE', #1972, #2494, #3172, .T. ) ;
#481 = EDGE_CURVE ( 'NONE', #2495, #2494, #3173, .T. ) ;
#482 = EDGE_CURVE ( 'NONE', #1971, #2495, #3171, .T. ) ;
#483 = EDGE_CURVE ( 'NONE', #1971, #1972, #3176, .T. ) ;
#484 = EDGE_CURVE ( 'NONE', #2346, #2455, #3178, .T. ) ;
#485 = EDGE_CURVE ( 'NONE', #2461, #2455, #3179, .T. ) ;
#486 = EDGE_CURVE ( 'NONE', #2451, #2461, #3175, .T. ) ;
#487 = EDGE_CURVE ( 'NONE', #2451, #2346, #3182, .T. ) ;
#488 = EDGE_CURVE ( 'NONE', #2344, #2464, #3184, .T. ) ;
#489 = EDGE_CURVE ( 'NONE', #2467, #2464, #3185, .T. ) ;
#490 = EDGE_CURVE ( 'NONE', #2471, #2344, #3181, .T. ) ;
#491 = EDGE_CURVE ( 'NONE', #2471, #2467, #3188, .T. ) ;
#492 = EDGE_CURVE ( 'NONE', #2468, #2453, #3189, .T. ) ;
#493 = EDGE_CURVE ( 'NONE', #2468, #2204, #3191, .T. ) ;
#494 = EDGE_CURVE ( 'NONE', #2204, #1969, #3187, .T. ) ;
#495 = EDGE_CURVE ( 'NONE', #2453, #1969, #3194, .T. ) ;
#496 = EDGE_CURVE ( 'NONE', #2591, #2589, #3195, .T. ) ;
#497 = EDGE_CURVE ( 'NONE', #2586, #2587, #3197, .T. ) ;
#498 = EDGE_CURVE ( 'NONE', #2617, #2616, #3198, .T. ) ;
#499 = EDGE_CURVE ( 'NONE', #2625, #2605, #3192, .T. ) ;
#500 = EDGE_CURVE ( 'NONE', #2595, #2590, #3202, .T. ) ;
#501 = EDGE_CURVE ( 'NONE', #2595, #2588, #3204, .T. ) ;
#502 = EDGE_CURVE ( 'NONE', #2600, #2634, #3206, .T. ) ;
#503 = EDGE_CURVE ( 'NONE', #2604, #2600, #3208, .T. ) ;
#504 = EDGE_CURVE ( 'NONE', #2663, #2604, #3210, .T. ) ;
#505 = EDGE_CURVE ( 'NONE', #2605, #2658, #3212, .T. ) ;
#506 = EDGE_CURVE ( 'NONE', #2605, #2617, #3214, .T. ) ;
#507 = EDGE_CURVE ( 'NONE', #2607, #2606, #3215, .T. ) ;
#508 = EDGE_CURVE ( 'NONE', #2584, #2624, #3217, .T. ) ;
#509 = EDGE_CURVE ( 'NONE', #2586, #2656, #3200, .T. ) ;
#510 = EDGE_CURVE ( 'NONE', #2582, #2584, #3221, .T. ) ;
#511 = AXIS2_PLACEMENT_3D ( 'NONE', #2124, #2128, #2098 ) ;
#512 = AXIS2_PLACEMENT_3D ( 'NONE', #793, #791, #790 ) ;
#513 = AXIS2_PLACEMENT_3D ( 'NONE', #800, #798, #797 ) ;
#514 = AXIS2_PLACEMENT_3D ( 'NONE', #788, #787, #786 ) ;
#515 = AXIS2_PLACEMENT_3D ( 'NONE', #2247, #2261, #2260 ) ;
#516 = AXIS2_PLACEMENT_3D ( 'NONE', #2252, #2250, #2249 ) ;
#517 = AXIS2_PLACEMENT_3D ( 'NONE', #2245, #2262, #2256 ) ;
#518 = AXIS2_PLACEMENT_3D ( 'NONE', #2253, #2266, #2265 ) ;
#519 = AXIS2_PLACEMENT_3D ( 'NONE', #2258, #2257, #2255 ) ;
#520 = AXIS2_PLACEMENT_3D ( 'NONE', #2268, #2267, #2273 ) ;
#521 = AXIS2_PLACEMENT_3D ( 'NONE', #2319, #2325, #2334 ) ;
#522 = AXIS2_PLACEMENT_3D ( 'NONE', #2315, #2317, #2331 ) ;
#523 = AXIS2_PLACEMENT_3D ( 'NONE', #2322, #2311, #2313 ) ;
#524 = AXIS2_PLACEMENT_3D ( 'NONE', #24, #28, #20 ) ;
#525 = AXIS2_PLACEMENT_3D ( 'NONE', #23, #22, #21 ) ;
#526 = AXIS2_PLACEMENT_3D ( 'NONE', #17, #16, #15 ) ;
#527 = AXIS2_PLACEMENT_3D ( 'NONE', #11, #2154, #2152 ) ;
#528 = AXIS2_PLACEMENT_3D ( 'NONE', #1061, #1053, #1079 ) ;
#529 = AXIS2_PLACEMENT_3D ( 'NONE', #1051, #1014, #1015 ) ;
#530 = AXIS2_PLACEMENT_3D ( 'NONE', #1072, #1050, #987 ) ;
#531 = AXIS2_PLACEMENT_3D ( 'NONE', #1027, #1028, #1029 ) ;
#532 = AXIS2_PLACEMENT_3D ( 'NONE', #1047, #1003, #1038 ) ;
#533 = AXIS2_PLACEMENT_3D ( 'NONE', #978, #979, #981 ) ;
#534 = AXIS2_PLACEMENT_3D ( 'NONE', #1025, #1019, #1021 ) ;
#535 = AXIS2_PLACEMENT_3D ( 'NONE', #1064, #1060, #1046 ) ;
#536 = AXIS2_PLACEMENT_3D ( 'NONE', #1037, #1052, #1054 ) ;
#537 = AXIS2_PLACEMENT_3D ( 'NONE', #1042, #1035, #1067 ) ;
#538 = AXIS2_PLACEMENT_3D ( 'NONE', #807, #806, #811 ) ;
#539 = AXIS2_PLACEMENT_3D ( 'NONE', #2286, #2289, #2288 ) ;
#540 = AXIS2_PLACEMENT_3D ( 'NONE', #2292, #2291, #2232 ) ;
#541 = AXIS2_PLACEMENT_3D ( 'NONE', #959, #957, #956 ) ;
#542 = AXIS2_PLACEMENT_3D ( 'NONE', #912, #911, #910 ) ;
#543 = AXIS2_PLACEMENT_3D ( 'NONE', #903, #902, #901 ) ;
#544 = AXIS2_PLACEMENT_3D ( 'NONE', #893, #892, #891 ) ;
#545 = AXIS2_PLACEMENT_3D ( 'NONE', #730, #729, #728 ) ;
#546 = AXIS2_PLACEMENT_3D ( 'NONE', #882, #43, #42 ) ;
#547 = AXIS2_PLACEMENT_3D ( 'NONE', #39, #38, #37 ) ;
#548 = AXIS2_PLACEMENT_3D ( 'NONE', #1092, #1093, #1094 ) ;
#549 = AXIS2_PLACEMENT_3D ( 'NONE', #1097, #1098, #1099 ) ;
#550 = AXIS2_PLACEMENT_3D ( 'NONE', #1102, #1103, #1104 ) ;
#551 = AXIS2_PLACEMENT_3D ( 'NONE', #1107, #1108, #1109 ) ;
#552 = AXIS2_PLACEMENT_3D ( 'NONE', #1112, #1113, #1114 ) ;
#553 = AXIS2_PLACEMENT_3D ( 'NONE', #1117, #1118, #1119 ) ;
#554 = AXIS2_PLACEMENT_3D ( 'NONE', #1166, #1167, #1168 ) ;
#555 = AXIS2_PLACEMENT_3D ( 'NONE', #1171, #1172, #1173 ) ;
#556 = AXIS2_PLACEMENT_3D ( 'NONE', #1190, #1191, #1192 ) ;
#557 = AXIS2_PLACEMENT_3D ( 'NONE', #1213, #1214, #1215 ) ;
#558 = AXIS2_PLACEMENT_3D ( 'NONE', #1225, #1226, #1227 ) ;
#559 = AXIS2_PLACEMENT_3D ( 'NONE', #1231, #1232, #1233 ) ;
#560 = AXIS2_PLACEMENT_3D ( 'NONE', #1235, #1236, #1237 ) ;
#561 = AXIS2_PLACEMENT_3D ( 'NONE', #1241, #1242, #1243 ) ;
#562 = AXIS2_PLACEMENT_3D ( 'NONE', #1244, #1245, #1246 ) ;
#563 = AXIS2_PLACEMENT_3D ( 'NONE', #1249, #1250, #1251 ) ;
#564 = AXIS2_PLACEMENT_3D ( 'NONE', #1254, #1255, #1256 ) ;
#565 = AXIS2_PLACEMENT_3D ( 'NONE', #1258, #1259, #1260 ) ;
#566 = AXIS2_PLACEMENT_3D ( 'NONE', #1264, #1265, #1266 ) ;
#567 = AXIS2_PLACEMENT_3D ( 'NONE', #1269, #1270, #1271 ) ;
#568 = AXIS2_PLACEMENT_3D ( 'NONE', #1288, #1289, #1290 ) ;
#569 = STYLED_ITEM ( 'NONE', ( #3219 ), #1083 ) ;
#570 = PRESENTATION_LAYER_ASSIGNMENT (  '', '', ( #569 ) ) ;
#571 = MECHANICAL_DESIGN_GEOMETRIC_PRESENTATION_REPRESENTATION (  '', ( #569 ), #572 ) ;
#572 =( GEOMETRIC_REPRESENTATION_CONTEXT ( 3 ) GLOBAL_UNCERTAINTY_ASSIGNED_CONTEXT ( ( #1757 ) ) GLOBAL_UNIT_ASSIGNED_CONTEXT ( ( #1306, #1307, #1308 ) ) REPRESENTATION_CONTEXT ( 'NONE', 'WORKASPACE' ) );
#573 = AXIS2_PLACEMENT_3D ( 'NONE', #1310, #1314, #1315 ) ;
#574 = AXIS2_PLACEMENT_3D ( 'NONE', #1302, #1318, #1319 ) ;
#575 = AXIS2_PLACEMENT_3D ( 'NONE', #1317, #1322, #1323 ) ;
#576 = AXIS2_PLACEMENT_3D ( 'NONE', #1321, #1326, #1327 ) ;
#577 = AXIS2_PLACEMENT_3D ( 'NONE', #1325, #1330, #1331 ) ;
#578 = AXIS2_PLACEMENT_3D ( 'NONE', #1329, #1334, #1335 ) ;
#579 = AXIS2_PLACEMENT_3D ( 'NONE', #1345, #1346, #1344 ) ;
#580 = AXIS2_PLACEMENT_3D ( 'NONE', #1333, #1338, #1339 ) ;
#581 = STYLED_ITEM ( 'NONE', ( #3244 ), #2005 ) ;
#582 = AXIS2_PLACEMENT_3D ( 'NONE', #1340, #1336, #1337 ) ;
#583 = AXIS2_PLACEMENT_3D ( 'NONE', #1342, #1343, #1341 ) ;
#584 = AXIS2_PLACEMENT_3D ( 'NONE', #1351, #1352, #1350 ) ;
#585 = AXIS2_PLACEMENT_3D ( 'NONE', #1348, #1349, #1347 ) ;
#586 = PRESENTATION_LAYER_ASSIGNMENT (  '', '', ( #581 ) ) ;
#587 = MECHANICAL_DESIGN_GEOMETRIC_PRESENTATION_REPRESENTATION (  '', ( #581 ), #588 ) ;
#588 =( GEOMETRIC_REPRESENTATION_CONTEXT ( 3 ) GLOBAL_UNCERTAINTY_ASSIGNED_CONTEXT ( ( #1759 ) ) GLOBAL_UNIT_ASSIGNED_CONTEXT ( ( #1360, #1361, #1362 ) ) REPRESENTATION_CONTEXT ( 'NONE', 'WORKASPACE' ) );
#589 = STYLED_ITEM ( 'NONE', ( #3254 ), #2009 ) ;
#590 = AXIS2_PLACEMENT_3D ( 'NONE', #1354, #1355, #1363 ) ;
#591 = AXIS2_PLACEMENT_3D ( 'NONE', #1364, #1365, #1356 ) ;
#592 = AXIS2_PLACEMENT_3D ( 'NONE', #1367, #1368, #1366 ) ;
#593 = AXIS2_PLACEMENT_3D ( 'NONE', #1369, #1373, #1374 ) ;
#594 = PRESENTATION_LAYER_ASSIGNMENT (  '', '', ( #589 ) ) ;
#595 = MECHANICAL_DESIGN_GEOMETRIC_PRESENTATION_REPRESENTATION (  '', ( #589 ), #596 ) ;
#596 =( GEOMETRIC_REPRESENTATION_CONTEXT ( 3 ) GLOBAL_UNCERTAINTY_ASSIGNED_CONTEXT ( ( #1762 ) ) GLOBAL_UNIT_ASSIGNED_CONTEXT ( ( #1380, #1381, #1382 ) ) REPRESENTATION_CONTEXT ( 'NONE', 'WORKASPACE' ) );
#597 = AXIS2_PLACEMENT_3D ( 'NONE', #1383, #1384, #1385 ) ;
#598 = AXIS2_PLACEMENT_3D ( 'NONE', #1376, #1388, #1389 ) ;
#599 = STYLED_ITEM ( 'NONE', ( #3258 ), #2014 ) ;
#600 = AXIS2_PLACEMENT_3D ( 'NONE', #1387, #1392, #1393 ) ;
#601 = PRESENTATION_LAYER_ASSIGNMENT (  '', '', ( #599 ) ) ;
#602 = AXIS2_PLACEMENT_3D ( 'NONE', #1394, #1390, #1391 ) ;
#603 = AXIS2_PLACEMENT_3D ( 'NONE', #1396, #1397, #1395 ) ;
#604 = MECHANICAL_DESIGN_GEOMETRIC_PRESENTATION_REPRESENTATION (  '', ( #599 ), #605 ) ;
#605 =( GEOMETRIC_REPRESENTATION_CONTEXT ( 3 ) GLOBAL_UNCERTAINTY_ASSIGNED_CONTEXT ( ( #1763 ) ) GLOBAL_UNIT_ASSIGNED_CONTEXT ( ( #1405, #1406, #1407 ) ) REPRESENTATION_CONTEXT ( 'NONE', 'WORKASPACE' ) );
#606 = AXIS2_PLACEMENT_3D ( 'NONE', #1408, #1409, #1410 ) ;
#607 = AXIS2_PLACEMENT_3D ( 'NONE', #1401, #1413, #1414 ) ;
#608 = AXIS2_PLACEMENT_3D ( 'NONE', #1412, #1417, #1418 ) ;
#609 = AXIS2_PLACEMENT_3D ( 'NONE', #1416, #1421, #1422 ) ;
#610 = STYLED_ITEM ( 'NONE', ( #3268 ), #2019 ) ;
#611 = AXIS2_PLACEMENT_3D ( 'NONE', #1420, #1425, #1426 ) ;
#612 = PRESENTATION_LAYER_ASSIGNMENT (  '', '', ( #610 ) ) ;
#613 = MECHANICAL_DESIGN_GEOMETRIC_PRESENTATION_REPRESENTATION (  '', ( #610 ), #614 ) ;
#614 =( GEOMETRIC_REPRESENTATION_CONTEXT ( 3 ) GLOBAL_UNCERTAINTY_ASSIGNED_CONTEXT ( ( #1766 ) ) GLOBAL_UNIT_ASSIGNED_CONTEXT ( ( #1432, #1433, #1434 ) ) REPRESENTATION_CONTEXT ( 'NONE', 'WORKASPACE' ) );
#615 = AXIS2_PLACEMENT_3D ( 'NONE', #1427, #1423, #1435 ) ;
#616 = AXIS2_PLACEMENT_3D ( 'NONE', #1436, #1437, #1428 ) ;
#617 = AXIS2_PLACEMENT_3D ( 'NONE', #1439, #1440, #1438 ) ;
#618 = AXIS2_PLACEMENT_3D ( 'NONE', #1442, #1443, #1441 ) ;
#619 = AXIS2_PLACEMENT_3D ( 'NONE', #1444, #1448, #1449 ) ;
#620 = AXIS2_PLACEMENT_3D ( 'NONE', #1447, #1452, #1453 ) ;
#621 = AXIS2_PLACEMENT_3D ( 'NONE', #1451, #1456, #1457 ) ;
#622 = AXIS2_PLACEMENT_3D ( 'NONE', #1455, #1460, #1461 ) ;
#623 = AXIS2_PLACEMENT_3D ( 'NONE', #1459, #1464, #1465 ) ;
#624 = AXIS2_PLACEMENT_3D ( 'NONE', #1463, #1468, #1469 ) ;
#625 = AXIS2_PLACEMENT_3D ( 'NONE', #1470, #1466, #1467 ) ;
#626 = AXIS2_PLACEMENT_3D ( 'NONE', #1471, #1475, #1476 ) ;
#627 = AXIS2_PLACEMENT_3D ( 'NONE', #1474, #1479, #1480 ) ;
#628 = AXIS2_PLACEMENT_3D ( 'NONE', #1478, #1483, #1484 ) ;
#629 = AXIS2_PLACEMENT_3D ( 'NONE', #1482, #1487, #1488 ) ;
#630 = AXIS2_PLACEMENT_3D ( 'NONE', #1486, #1491, #1492 ) ;
#631 = STYLED_ITEM ( 'NONE', ( #3277 ), #2036 ) ;
#632 = AXIS2_PLACEMENT_3D ( 'NONE', #1490, #1495, #1496 ) ;
#633 = PRESENTATION_LAYER_ASSIGNMENT (  '', '', ( #631 ) ) ;
#634 = MECHANICAL_DESIGN_GEOMETRIC_PRESENTATION_REPRESENTATION (  '', ( #631 ), #635 ) ;
#635 =( GEOMETRIC_REPRESENTATION_CONTEXT ( 3 ) GLOBAL_UNCERTAINTY_ASSIGNED_CONTEXT ( ( #1768 ) ) GLOBAL_UNIT_ASSIGNED_CONTEXT ( ( #1502, #1503, #1504 ) ) REPRESENTATION_CONTEXT ( 'NONE', 'WORKASPACE' ) );
#636 = AXIS2_PLACEMENT_3D ( 'NONE', #1505, #1506, #1507 ) ;
#637 = STYLED_ITEM ( 'NONE', ( #3302 ), #2038 ) ;
#638 = AXIS2_PLACEMENT_3D ( 'NONE', #1498, #1510, #1511 ) ;
#639 = PRESENTATION_LAYER_ASSIGNMENT (  '', '', ( #637 ) ) ;
#640 = MECHANICAL_DESIGN_GEOMETRIC_PRESENTATION_REPRESENTATION (  '', ( #637 ), #641 ) ;
#641 =( GEOMETRIC_REPRESENTATION_CONTEXT ( 3 ) GLOBAL_UNCERTAINTY_ASSIGNED_CONTEXT ( ( #1771 ) ) GLOBAL_UNIT_ASSIGNED_CONTEXT ( ( #1517, #1518, #1519 ) ) REPRESENTATION_CONTEXT ( 'NONE', 'WORKASPACE' ) );
#642 = STYLED_ITEM ( 'NONE', ( #3307 ), #2040 ) ;
#643 = PRESENTATION_LAYER_ASSIGNMENT (  '', '', ( #642 ) ) ;
#644 = AXIS2_PLACEMENT_3D ( 'NONE', #1512, #1508, #1520 ) ;
#645 = AXIS2_PLACEMENT_3D ( 'NONE', #1521, #1522, #1513 ) ;
#646 = MECHANICAL_DESIGN_GEOMETRIC_PRESENTATION_REPRESENTATION (  '', ( #642 ), #647 ) ;
#647 =( GEOMETRIC_REPRESENTATION_CONTEXT ( 3 ) GLOBAL_UNCERTAINTY_ASSIGNED_CONTEXT ( ( #1774 ) ) GLOBAL_UNIT_ASSIGNED_CONTEXT ( ( #1530, #1531, #1532 ) ) REPRESENTATION_CONTEXT ( 'NONE', 'WORKASPACE' ) );
#648 = AXIS2_PLACEMENT_3D ( 'NONE', #1524, #1525, #1533 ) ;
#649 = AXIS2_PLACEMENT_3D ( 'NONE', #1526, #1537, #1538 ) ;
#650 = AXIS2_PLACEMENT_3D ( 'NONE', #1536, #1541, #1542 ) ;
#651 = AXIS2_PLACEMENT_3D ( 'NONE', #1540, #1545, #1546 ) ;
#652 = AXIS2_PLACEMENT_3D ( 'NONE', #1549, #1550, #1548 ) ;
#653 = AXIS2_PLACEMENT_3D ( 'NONE', #1547, #1543, #1544 ) ;
#654 = AXIS2_PLACEMENT_3D ( 'NONE', #1552, #1553, #1551 ) ;
#655 = AXIS2_PLACEMENT_3D ( 'NONE', #1554, #1558, #1559 ) ;
#656 = AXIS2_PLACEMENT_3D ( 'NONE', #1557, #1561, #1562 ) ;
#657 = AXIS2_PLACEMENT_3D ( 'NONE', #1563, #1560, #1567 ) ;
#658 = AXIS2_PLACEMENT_3D ( 'NONE', #1566, #1570, #1571 ) ;
#659 = AXIS2_PLACEMENT_3D ( 'NONE', #1569, #1574, #1575 ) ;
#660 = AXIS2_PLACEMENT_3D ( 'NONE', #1573, #1578, #1579 ) ;
#661 = AXIS2_PLACEMENT_3D ( 'NONE', #1577, #1582, #1583 ) ;
#662 = AXIS2_PLACEMENT_3D ( 'NONE', #1584, #1580, #1581 ) ;
#663 = AXIS2_PLACEMENT_3D ( 'NONE', #1586, #1587, #1585 ) ;
#664 = AXIS2_PLACEMENT_3D ( 'NONE', #1588, #1592, #1593 ) ;
#665 = AXIS2_PLACEMENT_3D ( 'NONE', #1591, #1596, #1597 ) ;
#666 = AXIS2_PLACEMENT_3D ( 'NONE', #1598, #1594, #1595 ) ;
#667 = AXIS2_PLACEMENT_3D ( 'NONE', #1600, #1601, #1599 ) ;
#668 = AXIS2_PLACEMENT_3D ( 'NONE', #1602, #1606, #1607 ) ;
#669 = AXIS2_PLACEMENT_3D ( 'NONE', #1605, #1610, #1611 ) ;
#670 = AXIS2_PLACEMENT_3D ( 'NONE', #1609, #1614, #1615 ) ;
#671 = AXIS2_PLACEMENT_3D ( 'NONE', #1613, #1618, #1619 ) ;
#672 = AXIS2_PLACEMENT_3D ( 'NONE', #1617, #1622, #1623 ) ;
#673 = STYLED_ITEM ( 'NONE', ( #3322 ), #2066 ) ;
#674 = AXIS2_PLACEMENT_3D ( 'NONE', #1621, #1626, #1627 ) ;
#675 = PRESENTATION_LAYER_ASSIGNMENT (  '', '', ( #673 ) ) ;
#676 = MECHANICAL_DESIGN_GEOMETRIC_PRESENTATION_REPRESENTATION (  '', ( #673 ), #677 ) ;
#677 =( GEOMETRIC_REPRESENTATION_CONTEXT ( 3 ) GLOBAL_UNCERTAINTY_ASSIGNED_CONTEXT ( ( #1777 ) ) GLOBAL_UNIT_ASSIGNED_CONTEXT ( ( #1633, #1634, #1635 ) ) REPRESENTATION_CONTEXT ( 'NONE', 'WORKASPACE' ) );
#678 = AXIS2_PLACEMENT_3D ( 'NONE', #1636, #1637, #1638 ) ;
#679 = AXIS2_PLACEMENT_3D ( 'NONE', #1629, #1641, #1642 ) ;
#680 = AXIS2_PLACEMENT_3D ( 'NONE', #1645, #1646, #1644 ) ;
#681 = AXIS2_PLACEMENT_3D ( 'NONE', #1643, #1639, #1640 ) ;
#682 = AXIS2_PLACEMENT_3D ( 'NONE', #1647, #1651, #1652 ) ;
#683 = AXIS2_PLACEMENT_3D ( 'NONE', #1653, #1648, #1650 ) ;
#684 = AXIS2_PLACEMENT_3D ( 'NONE', #1654, #1658, #1659 ) ;
#685 = AXIS2_PLACEMENT_3D ( 'NONE', #1671, #1666, #1668 ) ;
#686 = AXIS2_PLACEMENT_3D ( 'NONE', #1661, #1657, #1663 ) ;
#687 = AXIS2_PLACEMENT_3D ( 'NONE', #1664, #1662, #1655 ) ;
#688 = AXIS2_PLACEMENT_3D ( 'NONE', #1665, #1669, #1670 ) ;
#689 = STYLED_ITEM ( 'NONE', ( #3372 ), #2078 ) ;
#690 = AXIS2_PLACEMENT_3D ( 'NONE', #1672, #1676, #1677 ) ;
#691 = PRESENTATION_LAYER_ASSIGNMENT (  '', '', ( #689 ) ) ;
#692 = MECHANICAL_DESIGN_GEOMETRIC_PRESENTATION_REPRESENTATION (  '', ( #689 ), #693 ) ;
#693 =( GEOMETRIC_REPRESENTATION_CONTEXT ( 3 ) GLOBAL_UNCERTAINTY_ASSIGNED_CONTEXT ( ( #1779 ) ) GLOBAL_UNIT_ASSIGNED_CONTEXT ( ( #1683, #1684, #1685 ) ) REPRESENTATION_CONTEXT ( 'NONE', 'WORKASPACE' ) );
#694 = AXIS2_PLACEMENT_3D ( 'NONE', #1678, #1673, #1686 ) ;
#695 = AXIS2_PLACEMENT_3D ( 'NONE', #1687, #1688, #1679 ) ;
#696 = AXIS2_PLACEMENT_3D ( 'NONE', #1689, #1693, #1694 ) ;
#697 = AXIS2_PLACEMENT_3D ( 'NONE', #1692, #1697, #1698 ) ;
#698 = STYLED_ITEM ( 'NONE', ( #3379 ), #2083 ) ;
#699 = AXIS2_PLACEMENT_3D ( 'NONE', #1696, #1701, #1702 ) ;
#700 = PRESENTATION_LAYER_ASSIGNMENT (  '', '', ( #698 ) ) ;
#701 = MECHANICAL_DESIGN_GEOMETRIC_PRESENTATION_REPRESENTATION (  '', ( #698 ), #702 ) ;
#702 =( GEOMETRIC_REPRESENTATION_CONTEXT ( 3 ) GLOBAL_UNCERTAINTY_ASSIGNED_CONTEXT ( ( #1782 ) ) GLOBAL_UNIT_ASSIGNED_CONTEXT ( ( #1708, #1709, #1710 ) ) REPRESENTATION_CONTEXT ( 'NONE', 'WORKASPACE' ) );
#703 = AXIS2_PLACEMENT_3D ( 'NONE', #1703, #1699, #1711 ) ;
#704 = AXIS2_PLACEMENT_3D ( 'NONE', #1704, #1716, #1717 ) ;
#705 = STYLED_ITEM ( 'NONE', ( #747 ), #2086 ) ;
#706 = AXIS2_PLACEMENT_3D ( 'NONE', #1715, #1722, #1723 ) ;
#707 = PRESENTATION_LAYER_ASSIGNMENT (  '', '', ( #705 ) ) ;
#708 = MECHANICAL_DESIGN_GEOMETRIC_PRESENTATION_REPRESENTATION (  '', ( #705 ), #709 ) ;
#709 =( GEOMETRIC_REPRESENTATION_CONTEXT ( 3 ) GLOBAL_UNCERTAINTY_ASSIGNED_CONTEXT ( ( #1785 ) ) GLOBAL_UNIT_ASSIGNED_CONTEXT ( ( #1733, #1735, #1736 ) ) REPRESENTATION_CONTEXT ( 'NONE', 'WORKASPACE' ) );
#710 = STYLED_ITEM ( 'NONE', ( #756 ), #2088 ) ;
#711 = AXIS2_PLACEMENT_3D ( 'NONE', #1740, #1742, #1727 ) ;
#712 = AXIS2_PLACEMENT_3D ( 'NONE', #1725, #1718, #1738 ) ;
#713 = PRESENTATION_LAYER_ASSIGNMENT (  '', '', ( #710 ) ) ;
#714 = MECHANICAL_DESIGN_GEOMETRIC_PRESENTATION_REPRESENTATION (  '', ( #710 ), #715 ) ;
#715 =( GEOMETRIC_REPRESENTATION_CONTEXT ( 3 ) GLOBAL_UNCERTAINTY_ASSIGNED_CONTEXT ( ( #1788 ) ) GLOBAL_UNIT_ASSIGNED_CONTEXT ( ( #1755, #1756, #1758 ) ) REPRESENTATION_CONTEXT ( 'NONE', 'WORKASPACE' ) );
#716 =( GEOMETRIC_REPRESENTATION_CONTEXT ( 3 ) GLOBAL_UNCERTAINTY_ASSIGNED_CONTEXT ( ( #1791 ) ) GLOBAL_UNIT_ASSIGNED_CONTEXT ( ( #1943, #1944, #1945 ) ) REPRESENTATION_CONTEXT ( 'NONE', 'WORKASPACE' ) );
#717 = AXIS2_PLACEMENT_3D ( 'NONE', #1745, #1747, #1760 ) ;
#718 = AXIS2_PLACEMENT_3D ( 'NONE', #1761, #1764, #1749 ) ;
#719 = AXIS2_PLACEMENT_3D ( 'NONE', #1767, #1769, #1765 ) ;
#720 = STYLED_ITEM ( 'NONE', ( #766 ), #1793 ) ;
#721 = PRESENTATION_LAYER_ASSIGNMENT (  '', '', ( #720 ) ) ;
#722 = MECHANICAL_DESIGN_GEOMETRIC_PRESENTATION_REPRESENTATION (  '', ( #720 ), #723 ) ;
#723 =( GEOMETRIC_REPRESENTATION_CONTEXT ( 3 ) GLOBAL_UNCERTAINTY_ASSIGNED_CONTEXT ( ( #1796 ) ) GLOBAL_UNIT_ASSIGNED_CONTEXT ( ( #1951, #1952, #1953 ) ) REPRESENTATION_CONTEXT ( 'NONE', 'WORKASPACE' ) );
#724 = AXIS2_PLACEMENT_3D ( 'NONE', #1942, #1954, #1955 ) ;
#725 = PRODUCT_DEFINITION ( 'UNKNOWN', '', #726, #2302 ) ;
#726 = PRODUCT_DEFINITION_FORMATION_WITH_SPECIFIED_SOURCE ( 'ANY', '', #2299, .NOT_KNOWN. ) ;
#727 = PRODUCT_RELATED_PRODUCT_CATEGORY ( 'part', '', ( #2299 ) ) ;
#728 = DIRECTION ( 'NONE',  ( 1.613696256722611900E-015, 0.0000000000000000000, -1.000000000000000000 ) ) ;
#729 = DIRECTION ( 'NONE',  ( -0.0000000000000000000, 1.000000000000000000, -0.0000000000000000000 ) ) ;
#730 = CARTESIAN_POINT ( 'NONE',  ( 6.000000000000000000, 0.0000000000000000000, -6.000000000000000000 ) ) ;
#731 = CARTESIAN_POINT ( 'NONE',  ( -6.099999999999997900, 2.504798182046654700, -5.892845386973490900 ) ) ;
#732 = CARTESIAN_POINT ( 'NONE',  ( -6.099999999999997000, 2.551185166641858800, -5.973151764710200600 ) ) ;
#733 = CARTESIAN_POINT ( 'NONE',  ( -6.100000000000000500, 1.918514224042241300, -5.274721345649195000 ) ) ;
#734 = CARTESIAN_POINT ( 'NONE',  ( -6.099999999999999600, 1.574999999999988400, -4.929661268569618400 ) ) ;
#735 = CARTESIAN_POINT ( 'NONE',  ( -6.100000000000000500, 2.174635070922939000, -5.535014798833840300 ) ) ;
#736 = CARTESIAN_POINT ( 'NONE',  ( -6.100000000000002300, 2.259952852193617600, -5.621886630147647800 ) ) ;
#737 = CARTESIAN_POINT ( 'NONE',  ( -6.099999999999998800, 2.537303543034260800, -5.944331026877426500 ) ) ;
#738 = CARTESIAN_POINT ( 'NONE',  ( -6.099999999999999600, 2.548646440473154100, -6.035057103065443400 ) ) ;
#739 = CARTESIAN_POINT ( 'NONE',  ( -6.100000000000001400, 2.533361825549053800, -6.062936706763369300 ) ) ;
#740 = CARTESIAN_POINT ( 'NONE',  ( -6.100000000000000500, 2.500089009195900900, -6.113269018197916800 ) ) ;
#741 = CARTESIAN_POINT ( 'NONE',  ( -6.099999999999997000, 1.746769619287034600, -5.102178935464476900 ) ) ;
#742 = CARTESIAN_POINT ( 'NONE',  ( -6.100000000000000500, 2.385354585232630300, -5.754550552466104900 ) ) ;
#743 = CARTESIAN_POINT ( 'NONE',  ( -6.100000000000000500, 2.485598679285415900, -5.868895952911379300 ) ) ;
#744 = CARTESIAN_POINT ( 'NONE',  ( -6.100000000000000500, 2.426917620909968800, -5.798983444708568400 ) ) ;
#745 = FACE_OUTER_BOUND ( 'NONE', #2700, .T. ) ;
#746 = FACE_OUTER_BOUND ( 'NONE', #2691, .T. ) ;
#747 = PRESENTATION_STYLE_ASSIGNMENT (( #1731 ) ) ;
#748 = SURFACE_STYLE_FILL_AREA ( #1728 ) ;
#749 = CYLINDRICAL_SURFACE ( 'NONE', #703, 0.2249999999999995100 ) ;
#750 = FACE_OUTER_BOUND ( 'NONE', #2717, .T. ) ;
#751 = COLOUR_RGB ( '',1.000000000000000000, 1.000000000000000000, 0.5019607843137254800 ) ;
#752 = COLOUR_RGB ( '',1.000000000000000000, 1.000000000000000000, 0.5019607843137254800 ) ;
#753 = FACE_OUTER_BOUND ( 'NONE', #2715, .T. ) ;
#754 = FACE_OUTER_BOUND ( 'NONE', #2690, .T. ) ;
#755 = CYLINDRICAL_SURFACE ( 'NONE', #712, 0.2249999999999995100 ) ;
#756 = PRESENTATION_STYLE_ASSIGNMENT (( #1753 ) ) ;
#757 = SURFACE_STYLE_FILL_AREA ( #1750 ) ;
#758 = CONICAL_SURFACE ( 'NONE', #711, 1.199999999999999700, 0.1370661743101873600 ) ;
#759 = FACE_OUTER_BOUND ( 'NONE', #2688, .T. ) ;
#760 = FACE_OUTER_BOUND ( 'NONE', #2701, .T. ) ;
#761 = CYLINDRICAL_SURFACE ( 'NONE', #717, 0.2249999999999995100 ) ;
#762 = CYLINDRICAL_SURFACE ( 'NONE', #718, 1.199999999999999700 ) ;
#763 = CYLINDRICAL_SURFACE ( 'NONE', #719, 1.199999999999999700 ) ;
#764 = COLOUR_RGB ( '',0.5019607843137254800, 0.5019607843137254800, 0.5019607843137254800 ) ;
#765 = SURFACE_STYLE_FILL_AREA ( #1948 ) ;
#766 = PRESENTATION_STYLE_ASSIGNMENT (( #1950 ) ) ;
#767 = SHAPE_DEFINITION_REPRESENTATION ( #2303, #1793 ) ;
#768 = DIRECTION ( 'NONE',  ( -0.0000000000000000000, -0.0000000000000000000, 1.000000000000000000 ) ) ;
#769 = DIRECTION ( 'NONE',  ( -0.0000000000000000000, -0.0000000000000000000, 1.000000000000000000 ) ) ;
#770 = DIRECTION ( 'NONE',  ( -0.0000000000000000000, -0.0000000000000000000, 1.000000000000000000 ) ) ;
#771 = CARTESIAN_POINT ( 'NONE',  ( -6.222813009301026100, -0.5468218267275315500, -4.945242593894008100 ) ) ;
#772 = CARTESIAN_POINT ( 'NONE',  ( 5.575000000000002000, -0.9250000000000000400, -7.500000000000000900 ) ) ;
#773 = CARTESIAN_POINT ( 'NONE',  ( -6.424999999999999800, -0.9250000000000000400, -7.500000000000000900 ) ) ;
#774 = DIRECTION ( 'NONE',  ( 0.0000000000000000000, 0.0000000000000000000, -1.000000000000000000 ) ) ;
#775 = CARTESIAN_POINT ( 'NONE',  ( -5.575000000000002800, -3.200000000000000200, -6.000000000000000000 ) ) ;
#776 = CARTESIAN_POINT ( 'NONE',  ( -6.112300650577749300, -0.4999999999999874500, -4.924999999999995400 ) ) ;
#777 = DIRECTION ( 'NONE',  ( 0.0000000000000000000, 0.0000000000000000000, 1.000000000000000000 ) ) ;
#778 = CARTESIAN_POINT ( 'NONE',  ( -5.575000000000002800, -3.200000000000000200, -5.094806650488415300 ) ) ;
#779 = CARTESIAN_POINT ( 'NONE',  ( -5.575000000000002000, -0.9250000000000000400, -7.500000000000000900 ) ) ;
#780 = DIRECTION ( 'NONE',  ( -0.0000000000000000000, -1.000000000000000000, -0.0000000000000000000 ) ) ;
#781 = CARTESIAN_POINT ( 'NONE',  ( -5.575000000000002000, -1.749999999999999800, -4.877781215626827200 ) ) ;
#782 = CARTESIAN_POINT ( 'NONE',  ( 6.424999999999999800, -0.9250000000000000400, -7.500000000000000900 ) ) ;
#783 = CARTESIAN_POINT ( 'NONE',  ( -5.575000000000002000, -1.749999999999999800, -7.122218784373172800 ) ) ;
#784 = CARTESIAN_POINT ( 'NONE',  ( -5.575000000000002800, -3.200000000000000200, -6.905193349511584700 ) ) ;
#785 = CARTESIAN_POINT ( 'NONE',  ( -5.575000000000002000, -1.620346103934375200E-016, -4.877781215626828100 ) ) ;
#786 = DIRECTION ( 'NONE',  ( 0.0000000000000000000, 0.0000000000000000000, -1.000000000000000000 ) ) ;
#787 = DIRECTION ( 'NONE',  ( -0.0000000000000000000, -1.000000000000000000, -0.0000000000000000000 ) ) ;
#788 = CARTESIAN_POINT ( 'NONE',  ( -6.000000000000000000, -3.200000000000000200, -6.000000000000000000 ) ) ;
#789 = DIRECTION ( 'NONE',  ( 0.0000000000000000000, 0.0000000000000000000, 1.000000000000000000 ) ) ;
#790 = DIRECTION ( 'NONE',  ( 0.0000000000000000000, 0.0000000000000000000, -1.000000000000000000 ) ) ;
#791 = DIRECTION ( 'NONE',  ( -0.0000000000000000000, -1.000000000000000000, -0.0000000000000000000 ) ) ;
#792 = CARTESIAN_POINT ( 'NONE',  ( -5.575000000000002000, -2.233486468939257700, -4.949091148856780400 ) ) ;
#793 = CARTESIAN_POINT ( 'NONE',  ( -6.000000000000000000, -1.700000000000000000, -6.000000000000000000 ) ) ;
#794 = CARTESIAN_POINT ( 'NONE',  ( -5.575000000000002800, -2.716858263282036400, -6.978813244734260100 ) ) ;
#795 = CARTESIAN_POINT ( 'NONE',  ( -5.575000000000002000, -1.700000000000000000, -6.000000000000000000 ) ) ;
#796 = CARTESIAN_POINT ( 'NONE',  ( -5.575000000000002000, -2.233486468939258200, -7.050908851143219600 ) ) ;
#797 = DIRECTION ( 'NONE',  ( 0.0000000000000000000, 0.0000000000000000000, -1.000000000000000000 ) ) ;
#798 = DIRECTION ( 'NONE',  ( -0.0000000000000000000, -1.000000000000000000, -0.0000000000000000000 ) ) ;
#799 = DIRECTION ( 'NONE',  ( 0.0000000000000000000, 1.000000000000000000, 0.0000000000000000000 ) ) ;
#800 = CARTESIAN_POINT ( 'NONE',  ( -6.000000000000000000, -1.749999999999999800, -6.000000000000000000 ) ) ;
#801 = CARTESIAN_POINT ( 'NONE',  ( -5.575000000000002000, -1.620346103934375200E-016, -7.122218784373171900 ) ) ;
#802 = CARTESIAN_POINT ( 'NONE',  ( -5.575000000000002800, -2.716858263282036400, -5.021186755265739900 ) ) ;
#803 = CARTESIAN_POINT ( 'NONE',  ( -5.999999999999977800, -0.4999999999997607500, -4.924999999999905700 ) ) ;
#804 = CARTESIAN_POINT ( 'NONE',  ( -5.575000000000002000, -1.700000000000000000, -6.000000000000000000 ) ) ;
#805 = DIRECTION ( 'NONE',  ( -0.0000000000000000000, -0.0000000000000000000, 1.000000000000000000 ) ) ;
#806 = DIRECTION ( 'NONE',  ( -0.0000000000000000000, -1.000000000000000000, -0.0000000000000000000 ) ) ;
#807 = CARTESIAN_POINT ( 'NONE',  ( -6.000000000000000000, -3.200000000000000200, -6.000000000000000000 ) ) ;
#808 = CARTESIAN_POINT ( 'NONE',  ( -6.099999999999999600, 0.0000000000000000000, -13.00000000000000000 ) ) ;
#809 = DIRECTION ( 'NONE',  ( 1.000000000000000000, -0.0000000000000000000, -0.0000000000000000000 ) ) ;
#810 = CARTESIAN_POINT ( 'NONE',  ( -6.425000000000001600, -2.233486468939258200, -7.050908851143217900 ) ) ;
#811 = DIRECTION ( 'NONE',  ( 0.0000000000000000000, 0.0000000000000000000, -1.000000000000000000 ) ) ;
#812 = DIRECTION ( 'NONE',  ( 1.000000000000000000, 0.0000000000000000000, 0.0000000000000000000 ) ) ;
#813 = CARTESIAN_POINT ( 'NONE',  ( -6.425000000000001600, -1.749999999999999800, -7.122218784373171000 ) ) ;
#814 = CARTESIAN_POINT ( 'NONE',  ( -6.425000000000002500, -2.716858263282036400, -6.978813244734257500 ) ) ;
#815 = ORIENTED_EDGE ( 'NONE', *, *, #299, .T. ) ;
#816 = ORIENTED_EDGE ( 'NONE', *, *, #457, .F. ) ;
#817 = ORIENTED_EDGE ( 'NONE', *, *, #265, .F. ) ;
#818 = ORIENTED_EDGE ( 'NONE', *, *, #247, .F. ) ;
#819 = ORIENTED_EDGE ( 'NONE', *, *, #262, .T. ) ;
#820 = ORIENTED_EDGE ( 'NONE', *, *, #378, .F. ) ;
#821 = ORIENTED_EDGE ( 'NONE', *, *, #355, .F. ) ;
#822 = ORIENTED_EDGE ( 'NONE', *, *, #261, .T. ) ;
#823 = ORIENTED_EDGE ( 'NONE', *, *, #456, .F. ) ;
#824 = ORIENTED_EDGE ( 'NONE', *, *, #504, .F. ) ;
#825 = ORIENTED_EDGE ( 'NONE', *, *, #313, .F. ) ;
#826 = ORIENTED_EDGE ( 'NONE', *, *, #473, .F. ) ;
#827 = ORIENTED_EDGE ( 'NONE', *, *, #428, .F. ) ;
#828 = ORIENTED_EDGE ( 'NONE', *, *, #371, .T. ) ;
#829 = ORIENTED_EDGE ( 'NONE', *, *, #270, .F. ) ;
#830 = ORIENTED_EDGE ( 'NONE', *, *, #503, .F. ) ;
#831 = ORIENTED_EDGE ( 'NONE', *, *, #458, .F. ) ;
#832 = ORIENTED_EDGE ( 'NONE', *, *, #461, .F. ) ;
#833 = ORIENTED_EDGE ( 'NONE', *, *, #263, .T. ) ;
#834 = ORIENTED_EDGE ( 'NONE', *, *, #263, .F. ) ;
#835 = ORIENTED_EDGE ( 'NONE', *, *, #257, .T. ) ;
#836 = ORIENTED_EDGE ( 'NONE', *, *, #422, .F. ) ;
#837 = ORIENTED_EDGE ( 'NONE', *, *, #409, .F. ) ;
#838 = ORIENTED_EDGE ( 'NONE', *, *, #362, .T. ) ;
#839 = ORIENTED_EDGE ( 'NONE', *, *, #270, .T. ) ;
#840 = ORIENTED_EDGE ( 'NONE', *, *, #353, .F. ) ;
#841 = ORIENTED_EDGE ( 'NONE', *, *, #370, .F. ) ;
#842 = ORIENTED_EDGE ( 'NONE', *, *, #269, .T. ) ;
#843 = ORIENTED_EDGE ( 'NONE', *, *, #265, .T. ) ;
#844 = ORIENTED_EDGE ( 'NONE', *, *, #260, .T. ) ;
#845 = ORIENTED_EDGE ( 'NONE', *, *, #264, .F. ) ;
#846 = ORIENTED_EDGE ( 'NONE', *, *, #269, .F. ) ;
#847 = ORIENTED_EDGE ( 'NONE', *, *, #316, .F. ) ;
#848 = ORIENTED_EDGE ( 'NONE', *, *, #395, .T. ) ;
#849 = ORIENTED_EDGE ( 'NONE', *, *, #259, .F. ) ;
#850 = ORIENTED_EDGE ( 'NONE', *, *, #261, .F. ) ;
#851 = ORIENTED_EDGE ( 'NONE', *, *, #410, .F. ) ;
#852 = ORIENTED_EDGE ( 'NONE', *, *, #268, .F. ) ;
#853 = ORIENTED_EDGE ( 'NONE', *, *, #249, .T. ) ;
#854 = ORIENTED_EDGE ( 'NONE', *, *, #502, .F. ) ;
#855 = ORIENTED_EDGE ( 'NONE', *, *, #260, .F. ) ;
#856 = ORIENTED_EDGE ( 'NONE', *, *, #267, .T. ) ;
#857 = ORIENTED_EDGE ( 'NONE', *, *, #262, .F. ) ;
#858 = ORIENTED_EDGE ( 'NONE', *, *, #268, .T. ) ;
#859 = ORIENTED_EDGE ( 'NONE', *, *, #447, .T. ) ;
#860 = ORIENTED_EDGE ( 'NONE', *, *, #389, .F. ) ;
#861 = ORIENTED_EDGE ( 'NONE', *, *, #250, .T. ) ;
#862 = ORIENTED_EDGE ( 'NONE', *, *, #255, .T. ) ;
#863 = ORIENTED_EDGE ( 'NONE', *, *, #266, .T. ) ;
#864 = ORIENTED_EDGE ( 'NONE', *, *, #258, .T. ) ;
#865 = ORIENTED_EDGE ( 'NONE', *, *, #264, .T. ) ;
#866 = ORIENTED_EDGE ( 'NONE', *, *, #441, .T. ) ;
#867 = VERTEX_POINT ( 'NONE', #1301 ) ;
#868 = ORIENTED_EDGE ( 'NONE', *, *, #446, .F. ) ;
#869 = ORIENTED_EDGE ( 'NONE', *, *, #460, .F. ) ;
#870 = ORIENTED_EDGE ( 'NONE', *, *, #351, .T. ) ;
#871 = ORIENTED_EDGE ( 'NONE', *, *, #300, .T. ) ;
#872 = ORIENTED_EDGE ( 'NONE', *, *, #500, .F. ) ;
#873 = ORIENTED_EDGE ( 'NONE', *, *, #254, .F. ) ;
#874 = ORIENTED_EDGE ( 'NONE', *, *, #254, .T. ) ;
#875 = ORIENTED_EDGE ( 'NONE', *, *, #407, .F. ) ;
#876 = CARTESIAN_POINT ( 'NONE',  ( -6.099999999999998800, 2.422114174891742100, -6.206234570920476500 ) ) ;
#877 = CARTESIAN_POINT ( 'NONE',  ( -6.099999999999997900, 2.380745851662932700, -6.250394814572080900 ) ) ;
#878 = CARTESIAN_POINT ( 'NONE',  ( -6.100000000000000500, 2.255944769630587200, -6.382202291531013900 ) ) ;
#879 = CARTESIAN_POINT ( 'NONE',  ( -6.099999999999998800, 2.171154797077429400, -6.468536878129003600 ) ) ;
#880 = DIRECTION ( 'NONE',  ( 1.000000000000000000, -0.0000000000000000000, 1.755792991879358700E-016 ) ) ;
#881 = CARTESIAN_POINT ( 'NONE',  ( -6.099999999999999600, 1.574999999999988400, -7.070338731430382500 ) ) ;
#882 = CARTESIAN_POINT ( 'NONE',  ( -1.529999999999999100, 0.5000000000000000000, -10.84000000000004200 ) ) ;
#883 = DIRECTION ( 'NONE',  ( -0.0000000000000000000, -1.000000000000000000, -0.0000000000000000000 ) ) ;
#884 = CARTESIAN_POINT ( 'NONE',  ( -6.099999999999999600, 0.0000000000000000000, -4.929661268569618400 ) ) ;
#885 = DIRECTION ( 'NONE',  ( -0.0000000000000000000, -1.000000000000000000, -0.0000000000000000000 ) ) ;
#886 = CARTESIAN_POINT ( 'NONE',  ( -6.099999999999999600, 0.0000000000000000000, 0.0000000000000000000 ) ) ;
#887 = DIRECTION ( 'NONE',  ( -0.0000000000000000000, -0.0000000000000000000, -1.000000000000000000 ) ) ;
#888 = CARTESIAN_POINT ( 'NONE',  ( -6.099999999999999600, 14.00000000000000000, -13.00000000000000000 ) ) ;
#889 = DIRECTION ( 'NONE',  ( -0.0000000000000000000, -1.000000000000000000, -0.0000000000000000000 ) ) ;
#890 = CARTESIAN_POINT ( 'NONE',  ( -6.100000000000000500, 1.745770480863655200, -6.898824554153897300 ) ) ;
#891 = DIRECTION ( 'NONE',  ( 0.0000000000000000000, -1.000000000000000000, 0.0000000000000000000 ) ) ;
#892 = DIRECTION ( 'NONE',  ( -1.000000000000000000, 8.324009001808095700E-017, 0.0000000000000000000 ) ) ;
#893 = CARTESIAN_POINT ( 'NONE',  ( -4.940000000000002200, 2.969999999999998400, -2.500000000000000400 ) ) ;
#894 = CARTESIAN_POINT ( 'NONE',  ( -6.099999999999999600, 0.0000000000000000000, -13.00000000000000000 ) ) ;
#895 = CARTESIAN_POINT ( 'NONE',  ( -6.099999999999998800, 1.916515316635781100, -6.727279926816064100 ) ) ;
#896 = DIRECTION ( 'NONE',  ( -0.0000000000000000000, -0.0000000000000000000, 1.000000000000000000 ) ) ;
#897 = CARTESIAN_POINT ( 'NONE',  ( -4.940000000000002200, 4.112060446893201500E-016, -2.000000000000000000 ) ) ;
#898 = CARTESIAN_POINT ( 'NONE',  ( -4.940000000000002200, 3.469999999999998400, -11.35000000000000000 ) ) ;
#899 = DIRECTION ( 'NONE',  ( -0.0000000000000000000, -0.0000000000000000000, 1.000000000000000000 ) ) ;
#900 = CARTESIAN_POINT ( 'NONE',  ( -3.375000000000000400, 12.05000000000000200, -11.35000000000000000 ) ) ;
#901 = DIRECTION ( 'NONE',  ( 0.0000000000000000000, -1.000000000000000000, 0.0000000000000000000 ) ) ;
#902 = DIRECTION ( 'NONE',  ( 1.000000000000000000, 8.324009001808095700E-017, 0.0000000000000000000 ) ) ;
#903 = CARTESIAN_POINT ( 'NONE',  ( 4.940000000000002200, 2.969999999999998400, -2.500000000000000400 ) ) ;
#904 = CARTESIAN_POINT ( 'NONE',  ( 6.099999999999999600, 1.574999999999988400, -4.929661268569618400 ) ) ;
#905 = DIRECTION ( 'NONE',  ( -8.324009001808095700E-017, -1.000000000000000000, 0.0000000000000000000 ) ) ;
#906 = DIRECTION ( 'NONE',  ( -1.000000000000000000, 0.0000000000000000000, 0.0000000000000000000 ) ) ;
#907 = CARTESIAN_POINT ( 'NONE',  ( 0.0000000000000000000, 0.5000000000000000000, -4.200000000000000200 ) ) ;
#908 = DIRECTION ( 'NONE',  ( 1.000000000000000000, 0.0000000000000000000, 0.0000000000000000000 ) ) ;
#909 = CARTESIAN_POINT ( 'NONE',  ( -6.099999999999999600, 0.0000000000000000000, -13.00000000000000000 ) ) ;
#910 = DIRECTION ( 'NONE',  ( 0.0000000000000000000, 0.0000000000000000000, -1.000000000000000000 ) ) ;
#911 = DIRECTION ( 'NONE',  ( -0.0000000000000000000, -1.000000000000000000, -0.0000000000000000000 ) ) ;
#912 = CARTESIAN_POINT ( 'NONE',  ( -6.000000000000000000, -1.700000000000000000, -6.000000000000000000 ) ) ;
#913 = DIRECTION ( 'NONE',  ( -1.000000000000000000, 0.0000000000000000000, 0.0000000000000000000 ) ) ;
#914 = CARTESIAN_POINT ( 'NONE',  ( 0.0000000000000000000, 12.05000000000000200, -11.35000000000000000 ) ) ;
#915 = DIRECTION ( 'NONE',  ( 0.0000000000000000000, 0.0000000000000000000, -1.000000000000000000 ) ) ;
#916 = CARTESIAN_POINT ( 'NONE',  ( -4.940000000000001300, 0.5000000000000000000, -2.000000000000000000 ) ) ;
#917 = DIRECTION ( 'NONE',  ( -1.621236893436268200E-016, -0.0000000000000000000, 1.000000000000000000 ) ) ;
#918 = CARTESIAN_POINT ( 'NONE',  ( 4.940000000000001300, 0.0000000000000000000, -6.149999999999999500 ) ) ;
#919 = CARTESIAN_POINT ( 'NONE',  ( 6.099999999999999600, 1.574999999999988400, -7.070338731430382500 ) ) ;
#920 = CARTESIAN_POINT ( 'NONE',  ( 6.100000000000001400, 1.745770480863655200, -6.898824554153896400 ) ) ;
#921 = CARTESIAN_POINT ( 'NONE',  ( 6.100000000000000500, 1.916515316635781600, -6.727279926816063200 ) ) ;
#922 = CARTESIAN_POINT ( 'NONE',  ( 6.099999999999999600, 2.171154797077429000, -6.468536878129002700 ) ) ;
#923 = CARTESIAN_POINT ( 'NONE',  ( 6.099999999999999600, 2.255944769630587200, -6.382202291531013000 ) ) ;
#924 = CARTESIAN_POINT ( 'NONE',  ( 6.100000000000003200, 2.380745851662933600, -6.250394814572082700 ) ) ;
#925 = CARTESIAN_POINT ( 'NONE',  ( 6.100000000000000500, 2.422114174891743000, -6.206234570920477400 ) ) ;
#926 = CARTESIAN_POINT ( 'NONE',  ( 6.099999999999999600, 2.480935215993348700, -6.136868873125286500 ) ) ;
#927 = CARTESIAN_POINT ( 'NONE',  ( 6.100000000000000500, 2.500089009195900900, -6.113269018197915900 ) ) ;
#928 = CARTESIAN_POINT ( 'NONE',  ( 6.099999999999999600, 2.533361825549053300, -6.062936706763368400 ) ) ;
#929 = CARTESIAN_POINT ( 'NONE',  ( 6.100000000000001400, 2.548646440473154600, -6.035057103065446100 ) ) ;
#930 = CARTESIAN_POINT ( 'NONE',  ( 6.099999999999998800, 2.551185166641859200, -5.973151764710201500 ) ) ;
#931 = CARTESIAN_POINT ( 'NONE',  ( 6.099999999999999600, 2.537303543034261200, -5.944331026877425600 ) ) ;
#932 = CARTESIAN_POINT ( 'NONE',  ( 6.100000000000001400, 2.504798182046654700, -5.892845386973494500 ) ) ;
#933 = CARTESIAN_POINT ( 'NONE',  ( 6.100000000000000500, 2.485598679285416800, -5.868895952911381100 ) ) ;
#934 = CARTESIAN_POINT ( 'NONE',  ( 6.099999999999999600, 2.426917620909968300, -5.798983444708567500 ) ) ;
#935 = CARTESIAN_POINT ( 'NONE',  ( 6.099999999999999600, 2.385354585232628600, -5.754550552466102300 ) ) ;
#936 = CARTESIAN_POINT ( 'NONE',  ( 6.099999999999999600, 2.259952852193617600, -5.621886630147645100 ) ) ;
#937 = CARTESIAN_POINT ( 'NONE',  ( 6.099999999999999600, 2.174635070922938500, -5.535014798833838500 ) ) ;
#938 = CARTESIAN_POINT ( 'NONE',  ( 6.099999999999998800, 1.918514224042240800, -5.274721345649194100 ) ) ;
#939 = CARTESIAN_POINT ( 'NONE',  ( 6.100000000000001400, 1.746769619287035900, -5.102178935464477800 ) ) ;
#940 = DIRECTION ( 'NONE',  ( -1.000000000000000000, -0.0000000000000000000, -0.0000000000000000000 ) ) ;
#941 = CARTESIAN_POINT ( 'NONE',  ( -4.940000000000001300, 0.5000000000000000000, -2.000000000000000000 ) ) ;
#942 = DIRECTION ( 'NONE',  ( 0.0000000000000000000, 0.0000000000000000000, -1.000000000000000000 ) ) ;
#943 = CARTESIAN_POINT ( 'NONE',  ( -6.425000000000001600, -1.700000000000000000, -6.000000000000000000 ) ) ;
#944 = DIRECTION ( 'NONE',  ( -0.0000000000000000000, -0.0000000000000000000, 1.000000000000000000 ) ) ;
#945 = DIRECTION ( 'NONE',  ( -0.0000000000000000000, -0.0000000000000000000, 1.000000000000000000 ) ) ;
#946 = CARTESIAN_POINT ( 'NONE',  ( 4.940000000000001300, 0.5000000000000000000, -2.000000000000000000 ) ) ;
#947 = CARTESIAN_POINT ( 'NONE',  ( -4.940000000000001300, 0.0000000000000000000, -2.000000000000000000 ) ) ;
#948 = DIRECTION ( 'NONE',  ( 0.0000000000000000000, 0.0000000000000000000, -1.000000000000000000 ) ) ;
#949 = CARTESIAN_POINT ( 'NONE',  ( -6.425000000000001600, -1.700000000000000000, -6.000000000000000000 ) ) ;
#950 = CARTESIAN_POINT ( 'NONE',  ( -6.425000000000001600, 1.620346103934385300E-016, -4.877781215626829000 ) ) ;
#951 = DIRECTION ( 'NONE',  ( 0.0000000000000000000, 1.000000000000000000, 0.0000000000000000000 ) ) ;
#952 = CARTESIAN_POINT ( 'NONE',  ( 6.099999999999999600, 0.0000000000000000000, -13.00000000000000000 ) ) ;
#953 = DIRECTION ( 'NONE',  ( 0.0000000000000000000, 0.0000000000000000000, 1.000000000000000000 ) ) ;
#954 = DIRECTION ( 'NONE',  ( 0.0000000000000000000, 0.0000000000000000000, 1.000000000000000000 ) ) ;
#955 = CARTESIAN_POINT ( 'NONE',  ( 6.099999999999999600, 14.00000000000000000, -13.00000000000000000 ) ) ;
#956 = DIRECTION ( 'NONE',  ( 2.985338074936832300E-014, 0.0000000000000000000, -1.000000000000000000 ) ) ;
#957 = DIRECTION ( 'NONE',  ( -0.0000000000000000000, 1.000000000000000000, -0.0000000000000000000 ) ) ;
#958 = DIRECTION ( 'NONE',  ( -1.000000000000000000, 0.0000000000000000000, 0.0000000000000000000 ) ) ;
#959 = CARTESIAN_POINT ( 'NONE',  ( -6.000000000000000000, 0.0000000000000000000, -6.000000000000000000 ) ) ;
#960 = CARTESIAN_POINT ( 'NONE',  ( 0.0000000000000000000, 0.0000000000000000000, -11.50000000000000200 ) ) ;
#961 = DIRECTION ( 'NONE',  ( 0.0000000000000000000, 1.000000000000000000, 0.0000000000000000000 ) ) ;
#962 = CARTESIAN_POINT ( 'NONE',  ( -6.099999999999999600, 0.0000000000000000000, -13.00000000000000000 ) ) ;
#963 = ORIENTED_EDGE ( 'NONE', *, *, #445, .T. ) ;
#964 = ORIENTED_EDGE ( 'NONE', *, *, #256, .T. ) ;
#965 = ORIENTED_EDGE ( 'NONE', *, *, #255, .F. ) ;
#966 = ORIENTED_EDGE ( 'NONE', *, *, #354, .F. ) ;
#967 = DIRECTION ( 'NONE',  ( -0.0000000000000000000, -1.000000000000000000, -0.0000000000000000000 ) ) ;
#968 = DIRECTION ( 'NONE',  ( 0.0000000000000000000, -1.000000000000000000, -0.0000000000000000000 ) ) ;
#969 = DIRECTION ( 'NONE',  ( -0.0000000000000000000, 1.000000000000000000, 0.0000000000000000000 ) ) ;
#970 = CARTESIAN_POINT ( 'NONE',  ( 6.424999999999999800, -0.8113714413492662000, -5.012579117093426200 ) ) ;
#971 = CARTESIAN_POINT ( 'NONE',  ( 5.575000000000002800, -3.200000000000000200, -6.905193349511584700 ) ) ;
#972 = CARTESIAN_POINT ( 'NONE',  ( 5.575000000000002000, -2.233486468939257700, -4.949091148856780400 ) ) ;
#973 = DIRECTION ( 'NONE',  ( -0.0000000000000000000, -0.0000000000000000000, 1.000000000000000000 ) ) ;
#974 = CARTESIAN_POINT ( 'NONE',  ( 5.575000000000002800, -2.716858263282036400, -5.021186755265739900 ) ) ;
#975 = CARTESIAN_POINT ( 'NONE',  ( 5.575000000000002800, -3.200000000000000200, -5.094806650488415300 ) ) ;
#976 = CARTESIAN_POINT ( 'NONE',  ( 3.100000000000000500, 2.969999999999998400, -2.000000000000000000 ) ) ;
#977 = DIRECTION ( 'NONE',  ( -1.000000000000000000, -0.0000000000000000000, -0.0000000000000000000 ) ) ;
#978 = CARTESIAN_POINT ( 'NONE',  ( 6.000000000000000000, 0.0000000000000000000, -6.000000000000000000 ) ) ;
#979 = DIRECTION ( 'NONE',  ( -0.0000000000000000000, 1.000000000000000000, -0.0000000000000000000 ) ) ;
#980 = CARTESIAN_POINT ( 'NONE',  ( -6.425000000000002500, -3.200000000000000200, -6.000000000000000000 ) ) ;
#981 = DIRECTION ( 'NONE',  ( -2.259174759411656700E-014, 0.0000000000000000000, -1.000000000000000000 ) ) ;
#982 = CARTESIAN_POINT ( 'NONE',  ( 5.575000000000002800, -2.716858263282036400, -6.978813244734260100 ) ) ;
#983 = CARTESIAN_POINT ( 'NONE',  ( 5.575000000000002000, -1.749999999999999800, -4.877781215626827200 ) ) ;
#984 = DIRECTION ( 'NONE',  ( 1.000000000000000000, -0.0000000000000000000, -0.0000000000000000000 ) ) ;
#985 = CARTESIAN_POINT ( 'NONE',  ( 5.575000000000002000, -2.233486468939258200, -7.050908851143219600 ) ) ;
#986 = DIRECTION ( 'NONE',  ( 0.0000000000000000000, 0.0000000000000000000, 1.000000000000000000 ) ) ;
#987 = DIRECTION ( 'NONE',  ( 7.987796470776929500E-014, 0.0000000000000000000, 1.000000000000000000 ) ) ;
#988 = CARTESIAN_POINT ( 'NONE',  ( 6.112300650577749300, -0.4999999999999874500, -4.924999999999995400 ) ) ;
#989 = CARTESIAN_POINT ( 'NONE',  ( 5.999999999999977800, -0.4999999999997607500, -4.924999999999905700 ) ) ;
#990 = CARTESIAN_POINT ( 'NONE',  ( 6.000000000000000000, 0.0000000000000000000, -7.074999999999999300 ) ) ;
#991 = DIRECTION ( 'NONE',  ( 0.0000000000000000000, -1.000000000000000000, -0.0000000000000000000 ) ) ;
#992 = DIRECTION ( 'NONE',  ( -0.0000000000000000000, -0.0000000000000000000, -1.000000000000000000 ) ) ;
#993 = CARTESIAN_POINT ( 'NONE',  ( 5.575000000000002800, -3.200000000000000200, -6.000000000000000000 ) ) ;
#994 = CARTESIAN_POINT ( 'NONE',  ( 6.099999999999999600, 0.0000000000000000000, -7.070338731430382500 ) ) ;
#995 = CARTESIAN_POINT ( 'NONE',  ( 6.378035796353273700, -0.7019455121970730200, -4.990421989381324900 ) ) ;
#996 = CARTESIAN_POINT ( 'NONE',  ( 6.222813009301026100, -0.5468218267275315500, -4.945242593894008100 ) ) ;
#997 = CARTESIAN_POINT ( 'NONE',  ( 6.424999999999999800, -0.9250000000000000400, -6.987420882906574700 ) ) ;
#998 = CARTESIAN_POINT ( 'NONE',  ( 5.100000000000000500, 0.0000000000000000000, 10.59879238404074200 ) ) ;
#999 = CARTESIAN_POINT ( 'NONE',  ( 6.099999999999999600, 0.0000000000000000000, -4.929661268569618400 ) ) ;
#1000 = DIRECTION ( 'NONE',  ( -0.0000000000000000000, 0.1961161351381839300, 0.9805806756909202200 ) ) ;
#1001 = CARTESIAN_POINT ( 'NONE',  ( 0.0000000000000000000, 12.05000000000000200, -3.000000000000000900 ) ) ;
#1002 = CARTESIAN_POINT ( 'NONE',  ( -6.425000000000001600, 1.620346103934385300E-016, -7.122218784373171000 ) ) ;
#1003 = DIRECTION ( 'NONE',  ( -0.0000000000000000000, 1.000000000000000000, -0.0000000000000000000 ) ) ;
#1004 = DIRECTION ( 'NONE',  ( 1.000000000000000000, 0.0000000000000000000, 0.0000000000000000000 ) ) ;
#1005 = CARTESIAN_POINT ( 'NONE',  ( -2.100000000000000100, 0.0000000000000000000, -0.5000000000000004400 ) ) ;
#1006 = CARTESIAN_POINT ( 'NONE',  ( -6.099999999999999600, 0.0000000000000000000, 0.0000000000000000000 ) ) ;
#1007 = DIRECTION ( 'NONE',  ( 0.0000000000000000000, -1.000000000000000000, 0.0000000000000000000 ) ) ;
#1008 = DIRECTION ( 'NONE',  ( 0.0000000000000000000, -1.000000000000000000, 0.0000000000000000000 ) ) ;
#1009 = DIRECTION ( 'NONE',  ( 1.000000000000000000, 0.0000000000000000000, 0.0000000000000000000 ) ) ;
#1010 = DIRECTION ( 'NONE',  ( 0.0000000000000000000, -1.000000000000000000, -0.0000000000000000000 ) ) ;
#1011 = DIRECTION ( 'NONE',  ( -0.0000000000000000000, -1.000000000000000000, -0.0000000000000000000 ) ) ;
#1012 = CARTESIAN_POINT ( 'NONE',  ( 6.099999999999999600, 0.0000000000000000000, 0.0000000000000000000 ) ) ;
#1013 = B_SPLINE_CURVE_WITH_KNOTS ( 'NONE', 3,
 ( #2097, #2122, #2103, #2096, #2095, #2094 ),
 .UNSPECIFIED., .F., .F.,
 ( 4, 2, 4 ),
 ( 0.0006714831777323690300, 0.001006707121114580100, 0.001341931064496791400 ),
 .UNSPECIFIED. ) ;
#1014 = DIRECTION ( 'NONE',  ( -0.0000000000000000000, 1.000000000000000000, 0.0000000000000000000 ) ) ;
#1015 = DIRECTION ( 'NONE',  ( 0.0000000000000000000, 0.0000000000000000000, -1.000000000000000000 ) ) ;
#1016 = CARTESIAN_POINT ( 'NONE',  ( 6.222961520598336600, -0.5468404640816240100, -7.054734669698507200 ) ) ;
#1017 = CARTESIAN_POINT ( 'NONE',  ( 6.378389803798963700, -0.7024294928466390300, -7.009454416758142500 ) ) ;
#1018 = CARTESIAN_POINT ( 'NONE',  ( 6.424999999999999800, -0.8115204032831021500, -6.987420882906575600 ) ) ;
#1019 = DIRECTION ( 'NONE',  ( -0.0000000000000000000, 1.000000000000000000, 0.0000000000000000000 ) ) ;
#1020 = CARTESIAN_POINT ( 'NONE',  ( 6.000000000000000000, 0.0000000000000000000, -4.925000000000000700 ) ) ;
#1021 = DIRECTION ( 'NONE',  ( 0.0000000000000000000, 0.0000000000000000000, -1.000000000000000000 ) ) ;
#1022 = CARTESIAN_POINT ( 'NONE',  ( 4.940000000000002200, 0.5000000000000000000, -11.50000000000000000 ) ) ;
#1023 = CARTESIAN_POINT ( 'NONE',  ( -2.100000000000000100, 14.10000000000000100, -5.637889269910316100E-017 ) ) ;
#1024 = CARTESIAN_POINT ( 'NONE',  ( -2.100000000000000100, 0.0000000000000000000, -2.999999999999999100 ) ) ;
#1025 = CARTESIAN_POINT ( 'NONE',  ( 6.000000000000000000, -1.700000000000000000, -6.000000000000000000 ) ) ;
#1026 = DIRECTION ( 'NONE',  ( -0.0000000000000000000, 1.000000000000000000, 0.0000000000000000000 ) ) ;
#1027 = CARTESIAN_POINT ( 'NONE',  ( 6.000000000000000000, 1.574999999999988400, -6.000000000000000000 ) ) ;
#1028 = DIRECTION ( 'NONE',  ( -0.0000000000000000000, 1.000000000000000000, 0.0000000000000000000 ) ) ;
#1029 = DIRECTION ( 'NONE',  ( 0.0000000000000000000, 0.0000000000000000000, -1.000000000000000000 ) ) ;
#1030 = DIRECTION ( 'NONE',  ( 0.0000000000000000000, -1.000000000000000000, -0.0000000000000000000 ) ) ;
#1031 = DIRECTION ( 'NONE',  ( -0.0000000000000000000, -1.000000000000000000, -0.0000000000000000000 ) ) ;
#1032 = DIRECTION ( 'NONE',  ( -1.000000000000000000, 0.0000000000000000000, 0.0000000000000000000 ) ) ;
#1033 = CARTESIAN_POINT ( 'NONE',  ( -4.940000000000001300, 0.0000000000000000000, -6.149999999999999500 ) ) ;
#1034 = CARTESIAN_POINT ( 'NONE',  ( 6.425000000000002500, -3.200000000000000200, -6.905193349511582000 ) ) ;
#1035 = DIRECTION ( 'NONE',  ( -0.0000000000000000000, 1.000000000000000000, -0.0000000000000000000 ) ) ;
#1036 = DIRECTION ( 'NONE',  ( 0.0000000000000000000, 0.0000000000000000000, 1.000000000000000000 ) ) ;
#1037 = CARTESIAN_POINT ( 'NONE',  ( -6.000000000000000000, -1.700000000000000000, -6.000000000000000000 ) ) ;
#1038 = DIRECTION ( 'NONE',  ( 1.452326631050350900E-014, 0.0000000000000000000, -1.000000000000000000 ) ) ;
#1039 = CARTESIAN_POINT ( 'NONE',  ( -4.940000000000002200, -8.823449541916561500E-017, -5.821044698318255300 ) ) ;
#1040 = CARTESIAN_POINT ( 'NONE',  ( 6.425000000000001600, 1.620346103934385300E-016, -6.987420882906573800 ) ) ;
#1041 = DIRECTION ( 'NONE',  ( 0.0000000000000000000, 0.0000000000000000000, 1.000000000000000000 ) ) ;
#1042 = CARTESIAN_POINT ( 'NONE',  ( -6.000000000000000000, 0.0000000000000000000, -6.000000000000000000 ) ) ;
#1043 = CARTESIAN_POINT ( 'NONE',  ( 6.112127505735062800, -0.5000000000000117700, -7.074999999999995700 ) ) ;
#1044 = CARTESIAN_POINT ( 'NONE',  ( 6.425000000000001600, -1.749999999999999800, -7.122218784373171000 ) ) ;
#1045 = CARTESIAN_POINT ( 'NONE',  ( 6.000000000000023100, -0.4999999999997607500, -7.075000000000094300 ) ) ;
#1046 = DIRECTION ( 'NONE',  ( 0.0000000000000000000, 0.0000000000000000000, -1.000000000000000000 ) ) ;
#1047 = CARTESIAN_POINT ( 'NONE',  ( 6.000000000000000000, 0.0000000000000000000, -6.000000000000000000 ) ) ;
#1048 = DIRECTION ( 'NONE',  ( -0.0000000000000000000, -0.0000000000000000000, -1.000000000000000000 ) ) ;
#1049 = CARTESIAN_POINT ( 'NONE',  ( 6.099999999999999600, 0.0000000000000000000, -13.00000000000000000 ) ) ;
#1050 = DIRECTION ( 'NONE',  ( 0.0000000000000000000, -1.000000000000000000, -0.0000000000000000000 ) ) ;
#1051 = CARTESIAN_POINT ( 'NONE',  ( 6.000000000000000000, -3.200000000000000200, -6.000000000000000000 ) ) ;
#1052 = DIRECTION ( 'NONE',  ( -0.0000000000000000000, -1.000000000000000000, -0.0000000000000000000 ) ) ;
#1053 = DIRECTION ( 'NONE',  ( 0.0000000000000000000, -1.000000000000000000, -0.0000000000000000000 ) ) ;
#1054 = DIRECTION ( 'NONE',  ( 0.0000000000000000000, 0.0000000000000000000, -1.000000000000000000 ) ) ;
#1055 = CARTESIAN_POINT ( 'NONE',  ( 4.940000000000001300, 10.42000000000000000, -11.35000000000000000 ) ) ;
#1056 = CARTESIAN_POINT ( 'NONE',  ( 0.0000000000000000000, 0.0000000000000000000, -11.50000000000000200 ) ) ;
#1057 = CARTESIAN_POINT ( 'NONE',  ( 4.940000000000002200, 4.112060446893201500E-016, -2.000000000000000000 ) ) ;
#1058 = CARTESIAN_POINT ( 'NONE',  ( 6.425000000000001600, -2.233486468939258200, -7.050908851143217900 ) ) ;
#1059 = DIRECTION ( 'NONE',  ( 8.324009001808095700E-017, -1.000000000000000000, 0.0000000000000000000 ) ) ;
#1060 = DIRECTION ( 'NONE',  ( -0.0000000000000000000, -1.000000000000000000, -0.0000000000000000000 ) ) ;
#1061 = CARTESIAN_POINT ( 'NONE',  ( 6.000000000000000000, 0.5000000000000000000, -6.000000000000000000 ) ) ;
#1062 = DIRECTION ( 'NONE',  ( 1.000000000000000000, 0.0000000000000000000, 0.0000000000000000000 ) ) ;
#1063 = CARTESIAN_POINT ( 'NONE',  ( -5.099999999999998800, 0.0000000000000000000, 10.59879238404074200 ) ) ;
#1064 = CARTESIAN_POINT ( 'NONE',  ( -6.000000000000000000, -1.749999999999999800, -6.000000000000000000 ) ) ;
#1065 = CARTESIAN_POINT ( 'NONE',  ( -6.099999999999999600, 0.0000000000000000000, 0.0000000000000000000 ) ) ;
#1066 = DIRECTION ( 'NONE',  ( 1.621236893436267700E-016, 0.0000000000000000000, -1.000000000000000000 ) ) ;
#1067 = DIRECTION ( 'NONE',  ( 0.0000000000000000000, 0.0000000000000000000, -1.000000000000000000 ) ) ;
#1068 = DIRECTION ( 'NONE',  ( 0.0000000000000000000, 1.000000000000000000, 0.0000000000000000000 ) ) ;
#1069 = CARTESIAN_POINT ( 'NONE',  ( 5.575000000000002000, -1.749999999999999800, -7.122218784373172800 ) ) ;
#1070 = B_SPLINE_CURVE_WITH_KNOTS ( 'NONE', 3,
 ( #2114, #2125, #2105, #771, #776, #803 ),
 .UNSPECIFIED., .F., .F.,
 ( 4, 2, 4 ),
 ( 0.0000000000000000000, 0.0003357415888661845200, 0.0006714831777323690300 ),
 .UNSPECIFIED. ) ;
#1071 = DIRECTION ( 'NONE',  ( 0.0000000000000000000, 0.0000000000000000000, 1.000000000000000000 ) ) ;
#1072 = CARTESIAN_POINT ( 'NONE',  ( -6.000000000000000000, 0.5000000000000000000, -6.000000000000000000 ) ) ;
#1073 = CARTESIAN_POINT ( 'NONE',  ( 6.425000000000001600, 1.620346103934385300E-016, -5.012579117093426200 ) ) ;
#1074 = CARTESIAN_POINT ( 'NONE',  ( 6.425000000000002500, -2.716858263282036400, -6.978813244734257500 ) ) ;
#1075 = DIRECTION ( 'NONE',  ( 0.0000000000000000000, 0.0000000000000000000, -1.000000000000000000 ) ) ;
#1076 = CARTESIAN_POINT ( 'NONE',  ( 4.940000000000001300, 10.42000000000000000, -0.5000000000000000000 ) ) ;
#1077 = CARTESIAN_POINT ( 'NONE',  ( 6.099999999999999600, 0.0000000000000000000, -13.00000000000000000 ) ) ;
#1078 = CARTESIAN_POINT ( 'NONE',  ( 4.940000000000001300, 0.5000000000000000000, -5.849999999999999600 ) ) ;
#1079 = DIRECTION ( 'NONE',  ( 0.0000000000000000000, 0.0000000000000000000, 1.000000000000000000 ) ) ;
#1080 = CARTESIAN_POINT ( 'NONE',  ( -4.940000000000001300, 0.5000000000000000000, -2.000000000000000000 ) ) ;
#1081 = CARTESIAN_POINT ( 'NONE',  ( 6.424999999999999800, -0.9250000000000000400, -5.012579117093426200 ) ) ;
#1082 = DIRECTION ( 'NONE',  ( -1.000000000000000000, -0.0000000000000000000, -0.0000000000000000000 ) ) ;
#1083 = MANIFOLD_SOLID_BREP ( '4 Pins Extrude', #76 ) ;
#1084 =( BOUNDED_CURVE ( )  B_SPLINE_CURVE ( 3, ( #2102, #2119, #2149, #2116 ),
 .UNSPECIFIED., .F., .T. ) 
 B_SPLINE_CURVE_WITH_KNOTS ( ( 4, 4 ),
 ( 1.570796326794896600, 3.141592653589793100 ),
 .UNSPECIFIED. ) 
 CURVE ( )  GEOMETRIC_REPRESENTATION_ITEM ( )  RATIONAL_B_SPLINE_CURVE ( ( 1.000000000000000000, 0.8047378541243649400, 0.8047378541243649400, 1.000000000000000000 ) ) 
 REPRESENTATION_ITEM ( '' )  );
#1085 =( BOUNDED_CURVE ( )  B_SPLINE_CURVE ( 3, ( #2120, #2151, #2127, #2129 ),
 .UNSPECIFIED., .F., .F. ) 
 B_SPLINE_CURVE_WITH_KNOTS ( ( 4, 4 ),
 ( 3.141592653589793100, 4.712388980384688800 ),
 .UNSPECIFIED. ) 
 CURVE ( )  GEOMETRIC_REPRESENTATION_ITEM ( )  RATIONAL_B_SPLINE_CURVE ( ( 1.000000000000000000, 0.8047378541243652700, 0.8047378541243652700, 1.000000000000000000 ) ) 
 REPRESENTATION_ITEM ( '' )  );
#1086 =( BOUNDED_CURVE ( )  B_SPLINE_CURVE ( 3, ( #2133, #2121, #2117, #2131 ),
 .UNSPECIFIED., .F., .F. ) 
 B_SPLINE_CURVE_WITH_KNOTS ( ( 4, 4 ),
 ( 4.712388980384689700, 6.283185307179586200 ),
 .UNSPECIFIED. ) 
 CURVE ( )  GEOMETRIC_REPRESENTATION_ITEM ( )  RATIONAL_B_SPLINE_CURVE ( ( 1.000000000000000000, 0.8047378541243649400, 0.8047378541243649400, 1.000000000000000000 ) ) 
 REPRESENTATION_ITEM ( '' )  );
#1087 = DIRECTION ( 'NONE',  ( 1.621236893436267700E-016, 0.0000000000000000000, -1.000000000000000000 ) ) ;
#1088 =( BOUNDED_CURVE ( )  B_SPLINE_CURVE ( 3, ( #2139, #2130, #2132, #2137 ),
 .UNSPECIFIED., .F., .T. ) 
 B_SPLINE_CURVE_WITH_KNOTS ( ( 4, 4 ),
 ( 3.141592653589792200, 4.712388980384689700 ),
 .UNSPECIFIED. ) 
 CURVE ( )  GEOMETRIC_REPRESENTATION_ITEM ( )  RATIONAL_B_SPLINE_CURVE ( ( 1.000000000000000000, 0.8047378541243648300, 0.8047378541243648300, 1.000000000000000000 ) ) 
 REPRESENTATION_ITEM ( '' )  );
#1089 = CARTESIAN_POINT ( 'NONE',  ( 4.940000000000001300, 0.5000000000000000000, -6.149999999999999500 ) ) ;
#1090 = DIRECTION ( 'NONE',  ( -1.000000000000000000, 0.0000000000000000000, 0.0000000000000000000 ) ) ;
#1091 = CARTESIAN_POINT ( 'NONE',  ( -4.935516557197812100, 0.0000000000000000000, -6.149999999999999500 ) ) ;
#1092 = CARTESIAN_POINT ( 'NONE',  ( 6.000000000000000000, 0.5000000000000000000, -6.000000000000000000 ) ) ;
#1093 = DIRECTION ( 'NONE',  ( -0.0000000000000000000, 1.000000000000000000, 0.0000000000000000000 ) ) ;
#1094 = DIRECTION ( 'NONE',  ( -3.469446951953615500E-014, 0.0000000000000000000, -1.000000000000000000 ) ) ;
#1095 = DIRECTION ( 'NONE',  ( -1.621236893436268200E-016, -0.0000000000000000000, 1.000000000000000000 ) ) ;
#1096 = DIRECTION ( 'NONE',  ( 0.0000000000000000000, 1.000000000000000000, 0.0000000000000000000 ) ) ;
#1097 = CARTESIAN_POINT ( 'NONE',  ( -0.5099999999999991200, 0.5000000000000000000, -8.300000000000030900 ) ) ;
#1098 = DIRECTION ( 'NONE',  ( 0.0000000000000000000, -1.000000000000000000, 0.0000000000000000000 ) ) ;
#1099 = DIRECTION ( 'NONE',  ( 0.0000000000000000000, 0.0000000000000000000, -1.000000000000000000 ) ) ;
#1100 = DIRECTION ( 'NONE',  ( -0.0000000000000000000, -1.000000000000000000, -0.0000000000000000000 ) ) ;
#1101 = CARTESIAN_POINT ( 'NONE',  ( -4.935516557197812100, 0.0000000000000000000, -5.849999999999999600 ) ) ;
#1102 = CARTESIAN_POINT ( 'NONE',  ( 1.530000000000000900, 0.5000000000000000000, -8.300000000000016700 ) ) ;
#1103 = DIRECTION ( 'NONE',  ( 0.0000000000000000000, -1.000000000000000000, 0.0000000000000000000 ) ) ;
#1104 = DIRECTION ( 'NONE',  ( 0.0000000000000000000, 0.0000000000000000000, -1.000000000000000000 ) ) ;
#1105 = CARTESIAN_POINT ( 'NONE',  ( -4.940000000000001300, 0.0000000000000000000, -6.178955301681739300 ) ) ;
#1106 = DIRECTION ( 'NONE',  ( 0.0000000000000000000, 1.000000000000000000, 0.0000000000000000000 ) ) ;
#1107 = CARTESIAN_POINT ( 'NONE',  ( -6.000000000000000000, 0.0000000000000000000, -6.000000000000000000 ) ) ;
#1108 = DIRECTION ( 'NONE',  ( -0.0000000000000000000, 1.000000000000000000, -0.0000000000000000000 ) ) ;
#1109 = DIRECTION ( 'NONE',  ( -1.613696256722611900E-014, 0.0000000000000000000, -1.000000000000000000 ) ) ;
#1110 = CARTESIAN_POINT ( 'NONE',  ( -6.000000000000000000, 0.0000000000000000000, -7.074999999999999300 ) ) ;
#1111 = DIRECTION ( 'NONE',  ( -0.0000000000000000000, -1.000000000000000000, -0.0000000000000000000 ) ) ;
#1112 = CARTESIAN_POINT ( 'NONE',  ( -6.000000000000000000, 0.5000000000000000000, -6.000000000000000000 ) ) ;
#1113 = DIRECTION ( 'NONE',  ( -0.0000000000000000000, 1.000000000000000000, 0.0000000000000000000 ) ) ;
#1114 = DIRECTION ( 'NONE',  ( 1.194135229974732900E-013, 0.0000000000000000000, -1.000000000000000000 ) ) ;
#1115 = CARTESIAN_POINT ( 'NONE',  ( -5.575000000000002000, -0.9250000000000000400, -6.987420882906575600 ) ) ;
#1116 = CARTESIAN_POINT ( 'NONE',  ( -5.575000000000001100, -0.8113714413492663100, -6.987420882906574700 ) ) ;
#1117 = CARTESIAN_POINT ( 'NONE',  ( -6.000000000000000000, 0.0000000000000000000, -6.000000000000000000 ) ) ;
#1118 = DIRECTION ( 'NONE',  ( -0.0000000000000000000, 1.000000000000000000, -0.0000000000000000000 ) ) ;
#1119 = DIRECTION ( 'NONE',  ( -8.068481283613059700E-016, 0.0000000000000000000, -1.000000000000000000 ) ) ;
#1120 = CARTESIAN_POINT ( 'NONE',  ( 0.0000000000000000000, 13.50000000000000200, -13.00000000000000000 ) ) ;
#1121 = CARTESIAN_POINT ( 'NONE',  ( -5.575000000000002000, -1.620346103934375200E-016, -6.987420882906575600 ) ) ;
#1122 = CARTESIAN_POINT ( 'NONE',  ( 0.0000000000000000000, 12.05000000000000200, -13.00000000000000000 ) ) ;
#1123 = CARTESIAN_POINT ( 'NONE',  ( -5.621964203646727200, -0.7019455121970729100, -7.009578010618677800 ) ) ;
#1124 = CARTESIAN_POINT ( 'NONE',  ( -5.777186990698972100, -0.5468218267275316600, -7.054757406105993700 ) ) ;
#1125 = CARTESIAN_POINT ( 'NONE',  ( -5.887699349422252500, -0.4999999999999874500, -7.075000000000003700 ) ) ;
#1126 = CARTESIAN_POINT ( 'NONE',  ( -6.000000000000023100, -0.4999999999997607500, -7.075000000000094300 ) ) ;
#1127 =( BOUNDED_CURVE ( )  B_SPLINE_CURVE ( 3, ( #2099, #2091, #2135, #2110 ),
 .UNSPECIFIED., .F., .F. ) 
 B_SPLINE_CURVE_WITH_KNOTS ( ( 4, 4 ),
 ( 3.141592653589792200, 4.712388980384689700 ),
 .UNSPECIFIED. ) 
 CURVE ( )  GEOMETRIC_REPRESENTATION_ITEM ( )  RATIONAL_B_SPLINE_CURVE ( ( 1.000000000000000000, 0.8047378541243648300, 0.8047378541243648300, 1.000000000000000000 ) ) 
 REPRESENTATION_ITEM ( '' )  );
#1128 = DIRECTION ( 'NONE',  ( 0.0000000000000000000, 1.000000000000000000, 0.0000000000000000000 ) ) ;
#1129 = CARTESIAN_POINT ( 'NONE',  ( -4.940000000000002200, 2.969999999999998400, -2.000000000000000000 ) ) ;
#1130 =( BOUNDED_CURVE ( )  B_SPLINE_CURVE ( 3, ( #2115, #2108, #2138, #2146 ),
 .UNSPECIFIED., .F., .T. ) 
 B_SPLINE_CURVE_WITH_KNOTS ( ( 4, 4 ),
 ( 3.141592653589792200, 4.712388980384689700 ),
 .UNSPECIFIED. ) 
 CURVE ( )  GEOMETRIC_REPRESENTATION_ITEM ( )  RATIONAL_B_SPLINE_CURVE ( ( 1.000000000000000000, 0.8047378541243648300, 0.8047378541243648300, 1.000000000000000000 ) ) 
 REPRESENTATION_ITEM ( '' )  );
#1131 = DIRECTION ( 'NONE',  ( -1.000000000000000000, -0.0000000000000000000, -0.0000000000000000000 ) ) ;
#1132 = CARTESIAN_POINT ( 'NONE',  ( -3.100000000000000500, 3.874382403118231700E-016, -2.000000000000000000 ) ) ;
#1133 = DIRECTION ( 'NONE',  ( -1.249800775199429400E-016, -1.000000000000000000, 0.0000000000000000000 ) ) ;
#1134 = CARTESIAN_POINT ( 'NONE',  ( 5.100000000000006800, 3.050720595683354600E-015, -13.00000000000000000 ) ) ;
#1135 = CARTESIAN_POINT ( 'NONE',  ( 0.0000000000000000000, 13.50000000000000200, -3.000000000000000900 ) ) ;
#1136 = DIRECTION ( 'NONE',  ( -5.981805089575197200E-016, 1.000000000000000000, 0.0000000000000000000 ) ) ;
#1137 = DIRECTION ( 'NONE',  ( -1.000000000000000000, 0.0000000000000000000, 0.0000000000000000000 ) ) ;
#1138 = CARTESIAN_POINT ( 'NONE',  ( 5.099999999999998800, 13.50000000000000200, 10.30254822847240700 ) ) ;
#1140 =( BOUNDED_CURVE ( )  B_SPLINE_CURVE ( 3, ( #2145, #2093, #2092, #2147 ),
 .UNSPECIFIED., .F., .T. ) 
 B_SPLINE_CURVE_WITH_KNOTS ( ( 4, 4 ),
 ( 0.0000000000000000000, 1.570796326794896600 ),
 .UNSPECIFIED. ) 
 CURVE ( )  GEOMETRIC_REPRESENTATION_ITEM ( )  RATIONAL_B_SPLINE_CURVE ( ( 1.000000000000000000, 0.8047378541243649400, 0.8047378541243649400, 1.000000000000000000 ) ) 
 REPRESENTATION_ITEM ( '' )  );
#1139 = DIRECTION ( 'NONE',  ( -1.000000000000000000, -0.0000000000000000000, -0.0000000000000000000 ) ) ;
#1141 = DIRECTION ( 'NONE',  ( -0.0000000000000000000, -0.0000000000000000000, -1.000000000000000000 ) ) ;
#1142 = DIRECTION ( 'NONE',  ( -1.000000000000000000, 0.0000000000000000000, 0.0000000000000000000 ) ) ;
#1143 = CARTESIAN_POINT ( 'NONE',  ( -5.100000000000000500, 13.50000000000000200, 10.30254822847240700 ) ) ;
#1144 = CARTESIAN_POINT ( 'NONE',  ( -6.099999999999999600, 14.50000000000000000, 0.0000000000000000000 ) ) ;
#1145 = DIRECTION ( 'NONE',  ( -0.0000000000000000000, -0.0000000000000000000, -1.000000000000000000 ) ) ;
#1146 =( BOUNDED_CURVE ( )  B_SPLINE_CURVE ( 3, ( #2142, #2143, #2100, #2144 ),
 .UNSPECIFIED., .F., .T. ) 
 B_SPLINE_CURVE_WITH_KNOTS ( ( 4, 4 ),
 ( 4.712388980384689700, 6.283185307179586200 ),
 .UNSPECIFIED. ) 
 CURVE ( )  GEOMETRIC_REPRESENTATION_ITEM ( )  RATIONAL_B_SPLINE_CURVE ( ( 1.000000000000000000, 0.8047378541243649400, 0.8047378541243649400, 1.000000000000000000 ) ) 
 REPRESENTATION_ITEM ( '' )  );
#1147 = DIRECTION ( 'NONE',  ( 1.000000000000000000, 0.0000000000000000000, 0.0000000000000000000 ) ) ;
#1148 = CARTESIAN_POINT ( 'NONE',  ( 5.159411708155671400, 13.50000000000000200, -3.000000000000000900 ) ) ;
#1149 = DIRECTION ( 'NONE',  ( -1.000000000000000000, 0.0000000000000000000, 0.0000000000000000000 ) ) ;
#1150 = CARTESIAN_POINT ( 'NONE',  ( 0.0000000000000000000, 13.50000000000000200, -3.000000000000000900 ) ) ;
#1151 = DIRECTION ( 'NONE',  ( 1.000000000000000000, 0.0000000000000000000, 0.0000000000000000000 ) ) ;
#1152 = CARTESIAN_POINT ( 'NONE',  ( -2.600000000000000500, 14.50000000000000000, 0.0000000000000000000 ) ) ;
#1153 = DIRECTION ( 'NONE',  ( -0.0000000000000000000, 1.000000000000000000, -0.0000000000000000000 ) ) ;
#1154 = CARTESIAN_POINT ( 'NONE',  ( -6.099999999999999600, 12.55000000000000200, 0.0000000000000000000 ) ) ;
#1155 =( BOUNDED_CURVE ( )  B_SPLINE_CURVE ( 3, ( #2118, #2123, #2141, #2150 ),
 .UNSPECIFIED., .F., .F. ) 
 B_SPLINE_CURVE_WITH_KNOTS ( ( 4, 4 ),
 ( 4.712388980384689700, 6.283185307179586200 ),
 .UNSPECIFIED. ) 
 CURVE ( )  GEOMETRIC_REPRESENTATION_ITEM ( )  RATIONAL_B_SPLINE_CURVE ( ( 1.000000000000000000, 0.8047378541243649400, 0.8047378541243649400, 1.000000000000000000 ) ) 
 REPRESENTATION_ITEM ( '' )  );
#1157 =( BOUNDED_CURVE ( )  B_SPLINE_CURVE ( 3, ( #2106, #2148, #2140, #2109 ),
 .UNSPECIFIED., .F., .T. ) 
 B_SPLINE_CURVE_WITH_KNOTS ( ( 4, 4 ),
 ( 4.712388980384689700, 6.283185307179586200 ),
 .UNSPECIFIED. ) 
 CURVE ( )  GEOMETRIC_REPRESENTATION_ITEM ( )  RATIONAL_B_SPLINE_CURVE ( ( 1.000000000000000000, 0.8047378541243649400, 0.8047378541243649400, 1.000000000000000000 ) ) 
 REPRESENTATION_ITEM ( '' )  );
#1156 = DIRECTION ( 'NONE',  ( 1.000000000000000000, -0.0000000000000000000, -0.0000000000000000000 ) ) ;
#1158 = CARTESIAN_POINT ( 'NONE',  ( -3.875000000000000400, 14.50000000000000000, 0.0000000000000000000 ) ) ;
#1159 = DIRECTION ( 'NONE',  ( -0.0000000000000000000, 1.000000000000000000, -0.0000000000000000000 ) ) ;
#1160 = CARTESIAN_POINT ( 'NONE',  ( -6.099999999999999600, 10.92000000000000200, 0.0000000000000000000 ) ) ;
#1161 = DIRECTION ( 'NONE',  ( 1.000000000000000000, -0.0000000000000000000, -0.0000000000000000000 ) ) ;
#1162 = CARTESIAN_POINT ( 'NONE',  ( -5.440000000000001300, 14.50000000000000000, 0.0000000000000000000 ) ) ;
#1163 = DIRECTION ( 'NONE',  ( 8.324009001808095700E-017, 1.000000000000000000, -0.0000000000000000000 ) ) ;
#1164 = CARTESIAN_POINT ( 'NONE',  ( 5.440000000000001300, 0.0000000000000000000, 0.0000000000000000000 ) ) ;
#1165 = DIRECTION ( 'NONE',  ( 8.324009001808095700E-017, -1.000000000000000000, 0.0000000000000000000 ) ) ;
#1166 = CARTESIAN_POINT ( 'NONE',  ( -5.599999999999998800, 14.00000000000000000, 0.0000000000000000000 ) ) ;
#1167 = DIRECTION ( 'NONE',  ( -0.0000000000000000000, -0.0000000000000000000, 1.000000000000000000 ) ) ;
#1168 = DIRECTION ( 'NONE',  ( -1.000000000000000000, 0.0000000000000000000, 0.0000000000000000000 ) ) ;
#1169 = CARTESIAN_POINT ( 'NONE',  ( 2.100000000000000100, 14.10000000000000100, -5.637889269910316100E-017 ) ) ;
#1170 = CARTESIAN_POINT ( 'NONE',  ( 2.100000000000000100, 0.0000000000000000000, -2.999999999999999100 ) ) ;
#1171 = CARTESIAN_POINT ( 'NONE',  ( 5.599999999999998800, 14.00000000000000000, 0.0000000000000000000 ) ) ;
#1172 = DIRECTION ( 'NONE',  ( -0.0000000000000000000, -0.0000000000000000000, 1.000000000000000000 ) ) ;
#1173 = DIRECTION ( 'NONE',  ( -1.000000000000000000, 0.0000000000000000000, 0.0000000000000000000 ) ) ;
#1174 = CARTESIAN_POINT ( 'NONE',  ( 4.940000000000001300, 10.92000000000000200, 0.0000000000000000000 ) ) ;
#1175 = DIRECTION ( 'NONE',  ( 1.000000000000000000, 0.0000000000000000000, 0.0000000000000000000 ) ) ;
#1176 = CARTESIAN_POINT ( 'NONE',  ( 3.875000000000000000, 10.42000000000000000, 0.0000000000000000000 ) ) ;
#1177 = DIRECTION ( 'NONE',  ( 0.0000000000000000000, -1.000000000000000000, 0.0000000000000000000 ) ) ;
#1178 = CARTESIAN_POINT ( 'NONE',  ( 3.375000000000000400, 12.05000000000000200, -11.35000000000000000 ) ) ;
#1179 = DIRECTION ( 'NONE',  ( -0.0000000000000000000, -0.0000000000000000000, 1.000000000000000000 ) ) ;
#1180 = DIRECTION ( 'NONE',  ( 0.0000000000000000000, -1.000000000000000000, 0.0000000000000000000 ) ) ;
#1181 = DIRECTION ( 'NONE',  ( 1.000000000000000000, 0.0000000000000000000, 0.0000000000000000000 ) ) ;
#1182 = DIRECTION ( 'NONE',  ( 0.0000000000000000000, -0.1961161351381839300, -0.9805806756909202200 ) ) ;
#1183 = CARTESIAN_POINT ( 'NONE',  ( 2.100000000000000100, 14.10000000000000100, -0.5000000000000000000 ) ) ;
#1184 = DIRECTION ( 'NONE',  ( -0.0000000000000000000, 1.000000000000000000, -0.0000000000000000000 ) ) ;
#1185 = CARTESIAN_POINT ( 'NONE',  ( 2.100000000000000100, 12.05000000000000200, -11.35000000000000000 ) ) ;
#1186 = DIRECTION ( 'NONE',  ( -0.0000000000000000000, -0.0000000000000000000, 1.000000000000000000 ) ) ;
#1187 = DIRECTION ( 'NONE',  ( -0.0000000000000000000, -1.000000000000000000, -0.0000000000000000000 ) ) ;
#1188 = CARTESIAN_POINT ( 'NONE',  ( -5.575000000000002000, -1.620346103934375200E-016, -5.012579117093425300 ) ) ;
#1189 = CARTESIAN_POINT ( 'NONE',  ( -3.100000000000000500, 3.469999999999998400, -2.500000000000000400 ) ) ;
#1190 = CARTESIAN_POINT ( 'NONE',  ( -5.599999999999998800, 14.00000000000000000, -13.00000000000000000 ) ) ;
#1191 = DIRECTION ( 'NONE',  ( 0.0000000000000000000, 0.0000000000000000000, -1.000000000000000000 ) ) ;
#1192 = DIRECTION ( 'NONE',  ( -1.000000000000000000, 0.0000000000000000000, 0.0000000000000000000 ) ) ;
#1193 = CARTESIAN_POINT ( 'NONE',  ( 0.0000000000000000000, 3.469999999999998400, -11.35000000000000000 ) ) ;
#1194 = DIRECTION ( 'NONE',  ( 1.000000000000000000, 0.0000000000000000000, 0.0000000000000000000 ) ) ;
#1195 = CARTESIAN_POINT ( 'NONE',  ( 4.940000000000002200, 3.469999999999998400, -2.500000000000000400 ) ) ;
#1196 = DIRECTION ( 'NONE',  ( 1.000000000000000000, 0.0000000000000000000, 0.0000000000000000000 ) ) ;
#1197 = CARTESIAN_POINT ( 'NONE',  ( 3.100000000000000500, 3.469999999999998400, -4.200000000000000200 ) ) ;
#1198 = DIRECTION ( 'NONE',  ( -0.0000000000000000000, -0.0000000000000000000, 1.000000000000000000 ) ) ;
#1199 = CARTESIAN_POINT ( 'NONE',  ( 3.100000000000000500, 3.874382403118231700E-016, -2.000000000000000000 ) ) ;
#1200 = DIRECTION ( 'NONE',  ( 1.249800775199429400E-016, -1.000000000000000000, 0.0000000000000000000 ) ) ;
#1201 = CARTESIAN_POINT ( 'NONE',  ( -3.375000000000000400, 12.05000000000000200, -11.35000000000000000 ) ) ;
#1202 = DIRECTION ( 'NONE',  ( -0.0000000000000000000, -0.0000000000000000000, 1.000000000000000000 ) ) ;
#1203 = CARTESIAN_POINT ( 'NONE',  ( 0.0000000000000000000, 12.05000000000000200, -0.5000000000000004400 ) ) ;
#1204 = DIRECTION ( 'NONE',  ( -1.000000000000000000, 0.0000000000000000000, 0.0000000000000000000 ) ) ;
#1205 = CARTESIAN_POINT ( 'NONE',  ( -2.100000000000000100, 12.05000000000000200, -11.35000000000000000 ) ) ;
#1206 = DIRECTION ( 'NONE',  ( -0.0000000000000000000, -0.0000000000000000000, 1.000000000000000000 ) ) ;
#1207 = CARTESIAN_POINT ( 'NONE',  ( 0.0000000000000000000, 12.05000000000000200, -3.000000000000000900 ) ) ;
#1208 = DIRECTION ( 'NONE',  ( 1.000000000000000000, 0.0000000000000000000, 0.0000000000000000000 ) ) ;
#1209 = CARTESIAN_POINT ( 'NONE',  ( 2.099999999999999600, 12.05000000000000200, -0.5000000000000000000 ) ) ;
#1210 = DIRECTION ( 'NONE',  ( -1.000000000000000000, -0.0000000000000000000, -0.0000000000000000000 ) ) ;
#1211 = CARTESIAN_POINT ( 'NONE',  ( -5.999999999999977800, -0.4999999999997607500, -4.924999999999905700 ) ) ;
#1212 = CARTESIAN_POINT ( 'NONE',  ( -5.887872494264940700, -0.5000000000000117700, -4.925000000000006000 ) ) ;
#1213 = CARTESIAN_POINT ( 'NONE',  ( -6.000000000000000000, -1.700000000000000000, -6.000000000000000000 ) ) ;
#1214 = DIRECTION ( 'NONE',  ( -0.0000000000000000000, -1.000000000000000000, -0.0000000000000000000 ) ) ;
#1215 = DIRECTION ( 'NONE',  ( 0.0000000000000000000, 0.0000000000000000000, -1.000000000000000000 ) ) ;
#1216 = CARTESIAN_POINT ( 'NONE',  ( -0.5099999999999991200, -7.136396103067890600, -8.075000000000031300 ) ) ;
#1217 = CARTESIAN_POINT ( 'NONE',  ( -6.000000000000000000, 0.0000000000000000000, -4.925000000000000700 ) ) ;
#1218 = DIRECTION ( 'NONE',  ( -0.0000000000000000000, 1.000000000000000000, -0.0000000000000000000 ) ) ;
#1219 = CARTESIAN_POINT ( 'NONE',  ( -5.777038479401666000, -0.5468404640816240100, -4.945265330301494600 ) ) ;
#1220 = CARTESIAN_POINT ( 'NONE',  ( -5.621610196201033600, -0.7024294928466390300, -4.990545583241857500 ) ) ;
#1221 = CARTESIAN_POINT ( 'NONE',  ( -5.575000000000000200, -0.8115204032831021500, -5.012579117093426200 ) ) ;
#1222 = CARTESIAN_POINT ( 'NONE',  ( -5.575000000000002000, -0.9250000000000000400, -5.012579117093425300 ) ) ;
#1223 = DIRECTION ( 'NONE',  ( -0.0000000000000000000, -1.000000000000000000, -0.0000000000000000000 ) ) ;
#1224 = DIRECTION ( 'NONE',  ( -0.0000000000000000000, 1.000000000000000000, -0.0000000000000000000 ) ) ;
#1225 = CARTESIAN_POINT ( 'NONE',  ( -6.000000000000000000, 0.0000000000000000000, -6.000000000000000000 ) ) ;
#1226 = DIRECTION ( 'NONE',  ( -0.0000000000000000000, 1.000000000000000000, -0.0000000000000000000 ) ) ;
#1227 = DIRECTION ( 'NONE',  ( 0.0000000000000000000, 0.0000000000000000000, -1.000000000000000000 ) ) ;
#1228 = DIRECTION ( 'NONE',  ( -0.0000000000000000000, 1.000000000000000000, -0.0000000000000000000 ) ) ;
#1229 = CARTESIAN_POINT ( 'NONE',  ( 0.5100000000000009000, -7.136396103067890600, -10.61500000000002700 ) ) ;
#1230 = CARTESIAN_POINT ( 'NONE',  ( -0.5099999999999991200, -7.136396103067890600, -8.525000000000030600 ) ) ;
#1231 = CARTESIAN_POINT ( 'NONE',  ( -0.5099999999999991200, 0.5000000000000000000, -8.300000000000030900 ) ) ;
#1232 = DIRECTION ( 'NONE',  ( 0.0000000000000000000, -1.000000000000000000, 0.0000000000000000000 ) ) ;
#1233 = DIRECTION ( 'NONE',  ( 0.0000000000000000000, 0.0000000000000000000, -1.000000000000000000 ) ) ;
#1234 = DIRECTION ( 'NONE',  ( -0.0000000000000000000, 1.000000000000000000, -0.0000000000000000000 ) ) ;
#1235 = CARTESIAN_POINT ( 'NONE',  ( -0.5099999999999991200, -3.249999999999999600, -8.300000000000030900 ) ) ;
#1236 = DIRECTION ( 'NONE',  ( 0.0000000000000000000, -1.000000000000000000, 0.0000000000000000000 ) ) ;
#1237 = DIRECTION ( 'NONE',  ( 0.0000000000000000000, 0.0000000000000000000, -1.000000000000000000 ) ) ;
#1238 = DIRECTION ( 'NONE',  ( -0.0000000000000000000, 1.000000000000000000, -0.0000000000000000000 ) ) ;
#1239 = CARTESIAN_POINT ( 'NONE',  ( -1.529999999999999100, -7.136396103067890600, -10.61500000000004300 ) ) ;
#1240 = CARTESIAN_POINT ( 'NONE',  ( 0.5100000000000009000, -7.136396103067890600, -11.06500000000002600 ) ) ;
#1241 = CARTESIAN_POINT ( 'NONE',  ( 0.5100000000000009000, 0.5000000000000000000, -10.84000000000002700 ) ) ;
#1242 = DIRECTION ( 'NONE',  ( 0.0000000000000000000, -1.000000000000000000, 0.0000000000000000000 ) ) ;
#1243 = DIRECTION ( 'NONE',  ( 0.0000000000000000000, 0.0000000000000000000, -1.000000000000000000 ) ) ;
#1244 = CARTESIAN_POINT ( 'NONE',  ( 0.5100000000000009000, -3.249999999999999600, -10.84000000000002700 ) ) ;
#1245 = DIRECTION ( 'NONE',  ( 0.0000000000000000000, -1.000000000000000000, 0.0000000000000000000 ) ) ;
#1246 = DIRECTION ( 'NONE',  ( 0.0000000000000000000, 0.0000000000000000000, -1.000000000000000000 ) ) ;
#1247 = DIRECTION ( 'NONE',  ( -0.0000000000000000000, 1.000000000000000000, -0.0000000000000000000 ) ) ;
#1248 = CARTESIAN_POINT ( 'NONE',  ( -1.529999999999999100, -7.136396103067890600, -11.06500000000004200 ) ) ;
#1249 = CARTESIAN_POINT ( 'NONE',  ( -1.529999999999999100, 0.5000000000000000000, -10.84000000000004200 ) ) ;
#1250 = DIRECTION ( 'NONE',  ( 0.0000000000000000000, -1.000000000000000000, 0.0000000000000000000 ) ) ;
#1251 = DIRECTION ( 'NONE',  ( 0.0000000000000000000, 0.0000000000000000000, -1.000000000000000000 ) ) ;
#1252 = CARTESIAN_POINT ( 'NONE',  ( 1.530000000000000900, -7.136396103067890600, -8.525000000000016300 ) ) ;
#1253 = DIRECTION ( 'NONE',  ( -0.0000000000000000000, 1.000000000000000000, -0.0000000000000000000 ) ) ;
#1254 = CARTESIAN_POINT ( 'NONE',  ( -1.529999999999999100, -3.249999999999999600, -10.84000000000004200 ) ) ;
#1255 = DIRECTION ( 'NONE',  ( 0.0000000000000000000, -1.000000000000000000, 0.0000000000000000000 ) ) ;
#1256 = DIRECTION ( 'NONE',  ( 0.0000000000000000000, 0.0000000000000000000, -1.000000000000000000 ) ) ;
#1257 = DIRECTION ( 'NONE',  ( -0.0000000000000000000, 1.000000000000000000, -0.0000000000000000000 ) ) ;
#1258 = CARTESIAN_POINT ( 'NONE',  ( 1.530000000000000900, -3.249999999999999600, -8.300000000000016700 ) ) ;
#1259 = DIRECTION ( 'NONE',  ( 0.0000000000000000000, -1.000000000000000000, 0.0000000000000000000 ) ) ;
#1260 = DIRECTION ( 'NONE',  ( 0.0000000000000000000, 0.0000000000000000000, -1.000000000000000000 ) ) ;
#1261 = CARTESIAN_POINT ( 'NONE',  ( 1.530000000000000900, -7.136396103067890600, -8.075000000000017100 ) ) ;
#1262 = CARTESIAN_POINT ( 'NONE',  ( 3.375000000000000400, 10.42000000000000000, -11.35000000000000000 ) ) ;
#1263 = DIRECTION ( 'NONE',  ( -0.0000000000000000000, -0.0000000000000000000, 1.000000000000000000 ) ) ;
#1264 = CARTESIAN_POINT ( 'NONE',  ( 1.530000000000000900, 0.5000000000000000000, -8.300000000000016700 ) ) ;
#1265 = DIRECTION ( 'NONE',  ( 0.0000000000000000000, -1.000000000000000000, 0.0000000000000000000 ) ) ;
#1266 = DIRECTION ( 'NONE',  ( 0.0000000000000000000, 0.0000000000000000000, -1.000000000000000000 ) ) ;
#1267 = DIRECTION ( 'NONE',  ( -1.000000000000000000, -0.0000000000000000000, -0.0000000000000000000 ) ) ;
#1268 = CARTESIAN_POINT ( 'NONE',  ( 5.599999999999998800, 14.50000000000000000, -13.00000000000000000 ) ) ;
#1269 = CARTESIAN_POINT ( 'NONE',  ( 3.100000000000000100, 2.969999999999998400, -2.500000000000000400 ) ) ;
#1270 = DIRECTION ( 'NONE',  ( -1.000000000000000000, -1.249800775199429400E-016, -0.0000000000000000000 ) ) ;
#1271 = DIRECTION ( 'NONE',  ( 0.0000000000000000000, -1.000000000000000000, 0.0000000000000000000 ) ) ;
#1272 = CARTESIAN_POINT ( 'NONE',  ( -5.599999999999998800, 14.50000000000000000, -13.00000000000000000 ) ) ;
#1273 = CARTESIAN_POINT ( 'NONE',  ( -6.099999999999999600, 14.50000000000000000, -13.00000000000000000 ) ) ;
#1274 = DIRECTION ( 'NONE',  ( 0.0000000000000000000, 0.0000000000000000000, 1.000000000000000000 ) ) ;
#1275 = DIRECTION ( 'NONE',  ( -0.0000000000000000000, -0.0000000000000000000, -1.000000000000000000 ) ) ;
#1276 = CARTESIAN_POINT ( 'NONE',  ( 0.0000000000000000000, 3.469999999999998400, -4.200000000000000200 ) ) ;
#1277 = DIRECTION ( 'NONE',  ( 1.000000000000000000, 0.0000000000000000000, 0.0000000000000000000 ) ) ;
#1278 = CARTESIAN_POINT ( 'NONE',  ( -3.100000000000000500, 3.469999999999998400, -4.200000000000000200 ) ) ;
#1279 = DIRECTION ( 'NONE',  ( -0.0000000000000000000, -0.0000000000000000000, 1.000000000000000000 ) ) ;
#1280 = CARTESIAN_POINT ( 'NONE',  ( -5.099999999999998800, -1.535953077687798100E-015, -13.00000000000000000 ) ) ;
#1281 = DIRECTION ( 'NONE',  ( 3.011672701348624500E-016, -1.000000000000000000, 0.0000000000000000000 ) ) ;
#1282 = CARTESIAN_POINT ( 'NONE',  ( 0.0000000000000000000, 2.879999999999999000, -13.00000000000000000 ) ) ;
#1283 = DIRECTION ( 'NONE',  ( -1.000000000000000000, 0.0000000000000000000, 0.0000000000000000000 ) ) ;
#1284 = CARTESIAN_POINT ( 'NONE',  ( 5.100000000000000500, 1.535953077687798100E-015, -13.00000000000000000 ) ) ;
#1285 = DIRECTION ( 'NONE',  ( -3.011672701348623500E-016, 1.000000000000000000, 0.0000000000000000000 ) ) ;
#1286 = FILL_AREA_STYLE_COLOUR ( '', #3225 ) ;
#1287 = CARTESIAN_POINT ( 'NONE',  ( 0.0000000000000000000, 10.42000000000000000, -11.35000000000000000 ) ) ;
#1288 = CARTESIAN_POINT ( 'NONE',  ( 5.599999999999998800, 14.00000000000000000, -13.00000000000000000 ) ) ;
#1289 = DIRECTION ( 'NONE',  ( 0.0000000000000000000, 0.0000000000000000000, -1.000000000000000000 ) ) ;
#1290 = DIRECTION ( 'NONE',  ( -1.000000000000000000, 0.0000000000000000000, 0.0000000000000000000 ) ) ;
#1291 = CARTESIAN_POINT ( 'NONE',  ( -5.099999999999992500, -3.050720595683345900E-015, -13.00000000000000000 ) ) ;
#1292 = DIRECTION ( 'NONE',  ( 5.981805089575197200E-016, -1.000000000000000000, 0.0000000000000000000 ) ) ;
#1293 = CARTESIAN_POINT ( 'NONE',  ( 0.0000000000000000000, 10.42000000000000000, -0.5000000000000004400 ) ) ;
#1294 = CARTESIAN_POINT ( 'NONE',  ( -0.5099999999999991200, -3.249999999999999600, -8.075000000000031300 ) ) ;
#1295 = DIRECTION ( 'NONE',  ( -1.000000000000000000, 0.0000000000000000000, 0.0000000000000000000 ) ) ;
#1296 = DIRECTION ( 'NONE',  ( 1.000000000000000000, 0.0000000000000000000, 0.0000000000000000000 ) ) ;
#1297 = CARTESIAN_POINT ( 'NONE',  ( -3.375000000000000400, 10.42000000000000000, -11.35000000000000000 ) ) ;
#1298 = CARTESIAN_POINT ( 'NONE',  ( -0.5099999999999991200, -3.249999999999999600, -8.525000000000030600 ) ) ;
#1299 = DIRECTION ( 'NONE',  ( -0.0000000000000000000, -0.0000000000000000000, 1.000000000000000000 ) ) ;
#1300 = CARTESIAN_POINT ( 'NONE',  ( 4.935516557197812100, 0.5000000000000000000, -6.149999999999999500 ) ) ;
#1301 = CARTESIAN_POINT ( 'NONE',  ( 6.425000000000001600, -1.749999999999999800, -4.877781215626829000 ) ) ;
#1302 = CARTESIAN_POINT ( 'NONE',  ( -7.074999999999999300, -1.700000000000000000, -6.000000000000000000 ) ) ;
#1303 = FILL_AREA_STYLE ('',( #1286 ) ) ;
#1304 = SURFACE_SIDE_STYLE ('',( #3223 ) ) ;
#1305 = SURFACE_STYLE_USAGE ( .BOTH. , #1304 ) ;
#1306 =( LENGTH_UNIT ( ) NAMED_UNIT ( * ) SI_UNIT ( .MILLI., .METRE. ) );
#1307 =( NAMED_UNIT ( * ) PLANE_ANGLE_UNIT ( ) SI_UNIT ( $, .RADIAN. ) );
#1308 =( NAMED_UNIT ( * ) SI_UNIT ( $, .STERADIAN. ) SOLID_ANGLE_UNIT ( ) );
#1309 = CARTESIAN_POINT ( 'NONE',  ( 1.530000000000000900, 0.5000000000000000000, -8.075000000000017100 ) ) ;
#1310 = CARTESIAN_POINT ( 'NONE',  ( -2.100000000000000100, 0.0000000000000000000, -11.35000000000000000 ) ) ;
#1311 = PLANE ( 'NONE',  #574 ) ;
#1312 = CARTESIAN_POINT ( 'NONE',  ( 4.940000000000001300, 0.0000000000000000000, -5.821044698318255300 ) ) ;
#1313 = PLANE ( 'NONE',  #573 ) ;
#1314 = DIRECTION ( 'NONE',  ( -1.000000000000000000, 0.0000000000000000000, -0.0000000000000000000 ) ) ;
#1315 = DIRECTION ( 'NONE',  ( -0.0000000000000000000, 0.0000000000000000000, 1.000000000000000000 ) ) ;
#1316 = PLANE ( 'NONE',  #575 ) ;
#1317 = CARTESIAN_POINT ( 'NONE',  ( -6.099999999999999600, 0.0000000000000000000, -13.00000000000000000 ) ) ;
#1318 = DIRECTION ( 'NONE',  ( 0.0000000000000000000, -1.000000000000000000, -0.0000000000000000000 ) ) ;
#1319 = DIRECTION ( 'NONE',  ( 0.0000000000000000000, 0.0000000000000000000, -1.000000000000000000 ) ) ;
#1320 = PLANE ( 'NONE',  #576 ) ;
#1321 = CARTESIAN_POINT ( 'NONE',  ( 0.0000000000000000000, 12.05000000000000200, -11.35000000000000000 ) ) ;
#1322 = DIRECTION ( 'NONE',  ( -1.000000000000000000, 0.0000000000000000000, 0.0000000000000000000 ) ) ;
#1323 = DIRECTION ( 'NONE',  ( 0.0000000000000000000, 0.0000000000000000000, 1.000000000000000000 ) ) ;
#1324 = PLANE ( 'NONE',  #577 ) ;
#1325 = CARTESIAN_POINT ( 'NONE',  ( -4.940000000000001300, 0.5000000000000000000, -6.149999999999999500 ) ) ;
#1326 = DIRECTION ( 'NONE',  ( 0.0000000000000000000, -1.000000000000000000, 0.0000000000000000000 ) ) ;
#1327 = DIRECTION ( 'NONE',  ( 0.0000000000000000000, -0.0000000000000000000, -1.000000000000000000 ) ) ;
#1328 = PLANE ( 'NONE',  #578 ) ;
#1329 = CARTESIAN_POINT ( 'NONE',  ( 3.375000000000000400, 0.0000000000000000000, -11.35000000000000000 ) ) ;
#1330 = DIRECTION ( 'NONE',  ( -1.000000000000000000, 0.0000000000000000000, -1.621236893436267700E-016 ) ) ;
#1331 = DIRECTION ( 'NONE',  ( -1.621236893436267700E-016, 0.0000000000000000000, 1.000000000000000000 ) ) ;
#1332 = PLANE ( 'NONE',  #580 ) ;
#1333 = CARTESIAN_POINT ( 'NONE',  ( 4.940000000000002200, 4.112060446893201500E-016, -11.35000000000000000 ) ) ;
#1334 = DIRECTION ( 'NONE',  ( -1.000000000000000000, 0.0000000000000000000, -0.0000000000000000000 ) ) ;
#1335 = DIRECTION ( 'NONE',  ( -0.0000000000000000000, 0.0000000000000000000, 1.000000000000000000 ) ) ;
#1336 = DIRECTION ( 'NONE',  ( -1.000000000000000000, 0.0000000000000000000, 0.0000000000000000000 ) ) ;
#1337 = DIRECTION ( 'NONE',  ( 0.0000000000000000000, 0.0000000000000000000, 1.000000000000000000 ) ) ;
#1338 = DIRECTION ( 'NONE',  ( -1.000000000000000000, -8.324009001808095700E-017, 0.0000000000000000000 ) ) ;
#1339 = DIRECTION ( 'NONE',  ( 8.324009001808095700E-017, -1.000000000000000000, 0.0000000000000000000 ) ) ;
#1340 = CARTESIAN_POINT ( 'NONE',  ( 0.0000000000000000000, 2.969999999999998400, -2.500000000000000400 ) ) ;
#1341 = DIRECTION ( 'NONE',  ( 0.0000000000000000000, 0.0000000000000000000, 1.000000000000000000 ) ) ;
#1342 = CARTESIAN_POINT ( 'NONE',  ( -6.099999999999999600, 10.92000000000000200, -0.5000000000000000000 ) ) ;
#1343 = DIRECTION ( 'NONE',  ( -1.000000000000000000, 0.0000000000000000000, 0.0000000000000000000 ) ) ;
#1344 = DIRECTION ( 'NONE',  ( 0.0000000000000000000, 0.0000000000000000000, -1.000000000000000000 ) ) ;
#1345 = CARTESIAN_POINT ( 'NONE',  ( 6.000000000000000000, -997.3499999999999100, -6.000000000000000000 ) ) ;
#1346 = DIRECTION ( 'NONE',  ( 0.0000000000000000000, -1.000000000000000000, -0.0000000000000000000 ) ) ;
#1347 = DIRECTION ( 'NONE',  ( 0.0000000000000000000, 0.0000000000000000000, -1.000000000000000000 ) ) ;
#1348 = CARTESIAN_POINT ( 'NONE',  ( -2.600000000000000500, 0.0000000000000000000, -0.5000000000000004400 ) ) ;
#1349 = DIRECTION ( 'NONE',  ( 0.0000000000000000000, -1.000000000000000000, 0.0000000000000000000 ) ) ;
#1350 = DIRECTION ( 'NONE',  ( 0.0000000000000000000, 0.0000000000000000000, 1.000000000000000000 ) ) ;
#1351 = CARTESIAN_POINT ( 'NONE',  ( -6.000000000000000000, -1.749999999999999800, -6.000000000000000000 ) ) ;
#1352 = DIRECTION ( 'NONE',  ( 0.0000000000000000000, 1.000000000000000000, 0.0000000000000000000 ) ) ;
#1353 = FILL_AREA_STYLE_COLOUR ( '', #3236 ) ;
#1354 = CARTESIAN_POINT ( 'NONE',  ( 0.5100000000000009000, -7.136396103067890600, -10.84000000000002700 ) ) ;
#1355 = DIRECTION ( 'NONE',  ( -0.0000000000000000000, 1.000000000000000000, -0.0000000000000000000 ) ) ;
#1356 = DIRECTION ( 'NONE',  ( 1.000000000000000000, 0.0000000000000000000, 0.0000000000000000000 ) ) ;
#1357 = FILL_AREA_STYLE ('',( #1353 ) ) ;
#1358 = SURFACE_SIDE_STYLE ('',( #3245 ) ) ;
#1359 = SURFACE_STYLE_USAGE ( .BOTH. , #1358 ) ;
#1360 =( LENGTH_UNIT ( ) NAMED_UNIT ( * ) SI_UNIT ( .MILLI., .METRE. ) );
#1361 =( NAMED_UNIT ( * ) PLANE_ANGLE_UNIT ( ) SI_UNIT ( $, .RADIAN. ) );
#1362 =( NAMED_UNIT ( * ) SI_UNIT ( $, .STERADIAN. ) SOLID_ANGLE_UNIT ( ) );
#1363 = DIRECTION ( 'NONE',  ( 0.0000000000000000000, 0.0000000000000000000, 1.000000000000000000 ) ) ;
#1364 = CARTESIAN_POINT ( 'NONE',  ( -5.599999999999998800, 14.00000000000000000, -13.00000000000000000 ) ) ;
#1365 = DIRECTION ( 'NONE',  ( 0.0000000000000000000, 0.0000000000000000000, 1.000000000000000000 ) ) ;
#1366 = DIRECTION ( 'NONE',  ( 0.0000000000000000000, 0.0000000000000000000, 1.000000000000000000 ) ) ;
#1367 = CARTESIAN_POINT ( 'NONE',  ( 2.600000000000000100, 14.50000000000000000, -0.5000000000000000000 ) ) ;
#1368 = DIRECTION ( 'NONE',  ( 0.0000000000000000000, 1.000000000000000000, 0.0000000000000000000 ) ) ;
#1369 = CARTESIAN_POINT ( 'NONE',  ( 0.0000000000000000000, 2.879999999999999000, 10.59879238404074200 ) ) ;
#1370 = PLANE ( 'NONE',  #597 ) ;
#1371 = PLANE ( 'NONE',  #593 ) ;
#1372 = FILL_AREA_STYLE_COLOUR ( '', #3256 ) ;
#1373 = DIRECTION ( 'NONE',  ( 0.0000000000000000000, -1.000000000000000000, 0.0000000000000000000 ) ) ;
#1374 = DIRECTION ( 'NONE',  ( 0.0000000000000000000, -0.0000000000000000000, -1.000000000000000000 ) ) ;
#1375 = PLANE ( 'NONE',  #598 ) ;
#1376 = CARTESIAN_POINT ( 'NONE',  ( 6.425000000000002500, -3.200000000000000200, -7.500000000000000900 ) ) ;
#1377 = FILL_AREA_STYLE ('',( #1372 ) ) ;
#1378 = SURFACE_SIDE_STYLE ('',( #3249 ) ) ;
#1379 = SURFACE_STYLE_USAGE ( .BOTH. , #1378 ) ;
#1380 =( LENGTH_UNIT ( ) NAMED_UNIT ( * ) SI_UNIT ( .MILLI., .METRE. ) );
#1381 =( NAMED_UNIT ( * ) PLANE_ANGLE_UNIT ( ) SI_UNIT ( $, .RADIAN. ) );
#1382 =( NAMED_UNIT ( * ) SI_UNIT ( $, .STERADIAN. ) SOLID_ANGLE_UNIT ( ) );
#1383 = CARTESIAN_POINT ( 'NONE',  ( -6.099999999999999600, -3.249999999999999600, -13.00000000000000000 ) ) ;
#1384 = DIRECTION ( 'NONE',  ( 0.0000000000000000000, -1.000000000000000000, 0.0000000000000000000 ) ) ;
#1385 = DIRECTION ( 'NONE',  ( 0.0000000000000000000, -0.0000000000000000000, -1.000000000000000000 ) ) ;
#1386 = PLANE ( 'NONE',  #600 ) ;
#1387 = CARTESIAN_POINT ( 'NONE',  ( -5.575000000000002000, -0.9250000000000000400, -7.500000000000000900 ) ) ;
#1388 = DIRECTION ( 'NONE',  ( -1.000000000000000000, -3.812579068080894500E-016, 0.0000000000000000000 ) ) ;
#1389 = DIRECTION ( 'NONE',  ( 3.812579068080894500E-016, -1.000000000000000000, 0.0000000000000000000 ) ) ;
#1390 = DIRECTION ( 'NONE',  ( -1.000000000000000000, 0.0000000000000000000, 0.0000000000000000000 ) ) ;
#1391 = DIRECTION ( 'NONE',  ( 0.0000000000000000000, 0.0000000000000000000, 1.000000000000000000 ) ) ;
#1392 = DIRECTION ( 'NONE',  ( 1.000000000000000000, -3.812579068080894500E-016, 0.0000000000000000000 ) ) ;
#1393 = DIRECTION ( 'NONE',  ( 3.812579068080894500E-016, 1.000000000000000000, 0.0000000000000000000 ) ) ;
#1394 = CARTESIAN_POINT ( 'NONE',  ( 0.0000000000000000000, 12.55000000000000200, -0.5000000000000004400 ) ) ;
#1395 = DIRECTION ( 'NONE',  ( -1.000000000000000000, 0.0000000000000000000, 0.0000000000000000000 ) ) ;
#1396 = CARTESIAN_POINT ( 'NONE',  ( 5.440000000000000400, 14.50000000000000200, -0.5000000000000000000 ) ) ;
#1397 = DIRECTION ( 'NONE',  ( -8.324009001808095700E-017, 1.000000000000000000, 0.0000000000000000000 ) ) ;
#1398 = FILL_AREA_STYLE_COLOUR ( '', #3262 ) ;
#1399 = PLANE ( 'NONE',  #607 ) ;
#1400 = PLANE ( 'NONE',  #606 ) ;
#1401 = CARTESIAN_POINT ( 'NONE',  ( -6.099999999999999600, 0.0000000000000000000, -13.00000000000000000 ) ) ;
#1402 = FILL_AREA_STYLE ('',( #1398 ) ) ;
#1403 = SURFACE_SIDE_STYLE ('',( #3265 ) ) ;
#1404 = SURFACE_STYLE_USAGE ( .BOTH. , #1403 ) ;
#1405 =( LENGTH_UNIT ( ) NAMED_UNIT ( * ) SI_UNIT ( .MILLI., .METRE. ) );
#1406 =( NAMED_UNIT ( * ) PLANE_ANGLE_UNIT ( ) SI_UNIT ( $, .RADIAN. ) );
#1407 =( NAMED_UNIT ( * ) SI_UNIT ( $, .STERADIAN. ) SOLID_ANGLE_UNIT ( ) );
#1408 = CARTESIAN_POINT ( 'NONE',  ( -6.099999999999999600, -3.249999999999999600, -13.00000000000000000 ) ) ;
#1409 = DIRECTION ( 'NONE',  ( 0.0000000000000000000, -1.000000000000000000, 0.0000000000000000000 ) ) ;
#1410 = DIRECTION ( 'NONE',  ( 0.0000000000000000000, -0.0000000000000000000, -1.000000000000000000 ) ) ;
#1411 = PLANE ( 'NONE',  #608 ) ;
#1412 = CARTESIAN_POINT ( 'NONE',  ( 0.0000000000000000000, 10.42000000000000000, -11.35000000000000000 ) ) ;
#1413 = DIRECTION ( 'NONE',  ( 0.0000000000000000000, -1.000000000000000000, 0.0000000000000000000 ) ) ;
#1414 = DIRECTION ( 'NONE',  ( 0.0000000000000000000, -0.0000000000000000000, -1.000000000000000000 ) ) ;
#1415 = PLANE ( 'NONE',  #609 ) ;
#1416 = CARTESIAN_POINT ( 'NONE',  ( 0.0000000000000000000, 0.0000000000000000000, -2.000000000000000000 ) ) ;
#1417 = DIRECTION ( 'NONE',  ( 0.0000000000000000000, -1.000000000000000000, 0.0000000000000000000 ) ) ;
#1418 = DIRECTION ( 'NONE',  ( 0.0000000000000000000, -0.0000000000000000000, -1.000000000000000000 ) ) ;
#1419 = PLANE ( 'NONE',  #611 ) ;
#1420 = CARTESIAN_POINT ( 'NONE',  ( 2.100000000000000100, 0.0000000000000000000, -11.35000000000000000 ) ) ;
#1421 = DIRECTION ( 'NONE',  ( -0.0000000000000000000, 0.0000000000000000000, 1.000000000000000000 ) ) ;
#1422 = DIRECTION ( 'NONE',  ( 1.000000000000000000, 0.0000000000000000000, 0.0000000000000000000 ) ) ;
#1423 = DIRECTION ( 'NONE',  ( -0.0000000000000000000, 1.000000000000000000, -0.0000000000000000000 ) ) ;
#1424 = FILL_AREA_STYLE_COLOUR ( '', #3274 ) ;
#1425 = DIRECTION ( 'NONE',  ( -1.000000000000000000, 0.0000000000000000000, -0.0000000000000000000 ) ) ;
#1426 = DIRECTION ( 'NONE',  ( -0.0000000000000000000, 0.0000000000000000000, 1.000000000000000000 ) ) ;
#1427 = CARTESIAN_POINT ( 'NONE',  ( -1.529999999999999100, -7.136396103067890600, -10.84000000000004200 ) ) ;
#1428 = DIRECTION ( 'NONE',  ( 0.0000000000000000000, 0.0000000000000000000, 1.000000000000000000 ) ) ;
#1429 = FILL_AREA_STYLE ('',( #1424 ) ) ;
#1430 = SURFACE_SIDE_STYLE ('',( #3269 ) ) ;
#1431 = SURFACE_STYLE_USAGE ( .BOTH. , #1430 ) ;
#1432 =( LENGTH_UNIT ( ) NAMED_UNIT ( * ) SI_UNIT ( .MILLI., .METRE. ) );
#1433 =( NAMED_UNIT ( * ) PLANE_ANGLE_UNIT ( ) SI_UNIT ( $, .RADIAN. ) );
#1434 =( NAMED_UNIT ( * ) SI_UNIT ( $, .STERADIAN. ) SOLID_ANGLE_UNIT ( ) );
#1435 = DIRECTION ( 'NONE',  ( 0.0000000000000000000, 0.0000000000000000000, 1.000000000000000000 ) ) ;
#1436 = CARTESIAN_POINT ( 'NONE',  ( -6.099999999999999600, 12.55000000000000200, -0.5000000000000000000 ) ) ;
#1437 = DIRECTION ( 'NONE',  ( -1.000000000000000000, 0.0000000000000000000, 0.0000000000000000000 ) ) ;
#1438 = DIRECTION ( 'NONE',  ( 0.0000000000000000000, 0.0000000000000000000, -1.000000000000000000 ) ) ;
#1439 = CARTESIAN_POINT ( 'NONE',  ( -6.000000000000000000, 0.0000000000000000000, -6.000000000000000000 ) ) ;
#1440 = DIRECTION ( 'NONE',  ( -0.0000000000000000000, -1.000000000000000000, -0.0000000000000000000 ) ) ;
#1441 = DIRECTION ( 'NONE',  ( 1.000000000000000000, 0.0000000000000000000, 0.0000000000000000000 ) ) ;
#1442 = CARTESIAN_POINT ( 'NONE',  ( -6.000000000000000000, -0.9250000000000000400, -7.500000000000000900 ) ) ;
#1443 = DIRECTION ( 'NONE',  ( -0.0000000000000000000, -0.0000000000000000000, 1.000000000000000000 ) ) ;
#1444 = CARTESIAN_POINT ( 'NONE',  ( 5.575000000000002000, -0.9250000000000000400, -7.500000000000000900 ) ) ;
#1445 = PLANE ( 'NONE',  #620 ) ;
#1446 = PLANE ( 'NONE',  #619 ) ;
#1447 = CARTESIAN_POINT ( 'NONE',  ( -6.099999999999999600, 14.50000000000000000, -11.50000000000000000 ) ) ;
#1448 = DIRECTION ( 'NONE',  ( 1.000000000000000000, 3.812579068080894500E-016, 0.0000000000000000000 ) ) ;
#1449 = DIRECTION ( 'NONE',  ( -3.812579068080894500E-016, 1.000000000000000000, 0.0000000000000000000 ) ) ;
#1450 = PLANE ( 'NONE',  #621 ) ;
#1451 = CARTESIAN_POINT ( 'NONE',  ( 3.100000000000000500, 3.874382403118231700E-016, -4.200000000000000200 ) ) ;
#1452 = DIRECTION ( 'NONE',  ( 0.0000000000000000000, 0.0000000000000000000, -1.000000000000000000 ) ) ;
#1453 = DIRECTION ( 'NONE',  ( -1.000000000000000000, 0.0000000000000000000, -0.0000000000000000000 ) ) ;
#1454 = PLANE ( 'NONE',  #622 ) ;
#1455 = CARTESIAN_POINT ( 'NONE',  ( -6.099999999999999600, 0.0000000000000000000, -13.00000000000000000 ) ) ;
#1456 = DIRECTION ( 'NONE',  ( -1.000000000000000000, -1.249800775199429400E-016, 0.0000000000000000000 ) ) ;
#1457 = DIRECTION ( 'NONE',  ( 1.249800775199429400E-016, -1.000000000000000000, 0.0000000000000000000 ) ) ;
#1458 = PLANE ( 'NONE',  #623 ) ;
#1459 = CARTESIAN_POINT ( 'NONE',  ( -4.940000000000002200, 4.112060446893201500E-016, -11.35000000000000000 ) ) ;
#1460 = DIRECTION ( 'NONE',  ( 0.0000000000000000000, -1.000000000000000000, 0.0000000000000000000 ) ) ;
#1461 = DIRECTION ( 'NONE',  ( 0.0000000000000000000, -0.0000000000000000000, -1.000000000000000000 ) ) ;
#1462 = PLANE ( 'NONE',  #624 ) ;
#1463 = CARTESIAN_POINT ( 'NONE',  ( -7.000000000000000000, -3.200000000000000200, -6.000000000000000000 ) ) ;
#1464 = DIRECTION ( 'NONE',  ( -1.000000000000000000, 8.324009001808095700E-017, 0.0000000000000000000 ) ) ;
#1465 = DIRECTION ( 'NONE',  ( -8.324009001808095700E-017, -1.000000000000000000, 0.0000000000000000000 ) ) ;
#1466 = DIRECTION ( 'NONE',  ( -1.000000000000000000, 0.0000000000000000000, 0.0000000000000000000 ) ) ;
#1467 = DIRECTION ( 'NONE',  ( 0.0000000000000000000, 0.0000000000000000000, 1.000000000000000000 ) ) ;
#1468 = DIRECTION ( 'NONE',  ( 0.0000000000000000000, 1.000000000000000000, 0.0000000000000000000 ) ) ;
#1469 = DIRECTION ( 'NONE',  ( 0.0000000000000000000, -0.0000000000000000000, 1.000000000000000000 ) ) ;
#1470 = CARTESIAN_POINT ( 'NONE',  ( 0.0000000000000000000, 2.969999999999998400, -2.500000000000000400 ) ) ;
#1471 = CARTESIAN_POINT ( 'NONE',  ( -5.099999999999998800, -1.535953077687798100E-015, 10.59879238404074200 ) ) ;
#1472 = PLANE ( 'NONE',  #627 ) ;
#1473 = PLANE ( 'NONE',  #626 ) ;
#1474 = CARTESIAN_POINT ( 'NONE',  ( 0.0000000000000000000, 10.42000000000000000, -11.35000000000000000 ) ) ;
#1475 = DIRECTION ( 'NONE',  ( 1.000000000000000000, 3.011672701348624500E-016, -0.0000000000000000000 ) ) ;
#1476 = DIRECTION ( 'NONE',  ( -3.011672701348624500E-016, 1.000000000000000000, 0.0000000000000000000 ) ) ;
#1477 = PLANE ( 'NONE',  #628 ) ;
#1478 = CARTESIAN_POINT ( 'NONE',  ( 0.0000000000000000000, 3.469999999999998400, -11.35000000000000000 ) ) ;
#1479 = DIRECTION ( 'NONE',  ( 0.0000000000000000000, 1.000000000000000000, 0.0000000000000000000 ) ) ;
#1480 = DIRECTION ( 'NONE',  ( 0.0000000000000000000, -0.0000000000000000000, 1.000000000000000000 ) ) ;
#1481 = PLANE ( 'NONE',  #629 ) ;
#1482 = CARTESIAN_POINT ( 'NONE',  ( -6.099999999999999600, 14.50000000000000000, 0.0000000000000000000 ) ) ;
#1483 = DIRECTION ( 'NONE',  ( 0.0000000000000000000, -1.000000000000000000, 0.0000000000000000000 ) ) ;
#1484 = DIRECTION ( 'NONE',  ( 0.0000000000000000000, -0.0000000000000000000, -1.000000000000000000 ) ) ;
#1485 = PLANE ( 'NONE',  #630 ) ;
#1486 = CARTESIAN_POINT ( 'NONE',  ( -3.100000000000000500, 3.874382403118231700E-016, -4.200000000000000200 ) ) ;
#1487 = DIRECTION ( 'NONE',  ( 0.0000000000000000000, 0.0000000000000000000, -1.000000000000000000 ) ) ;
#1488 = DIRECTION ( 'NONE',  ( -1.000000000000000000, 0.0000000000000000000, -0.0000000000000000000 ) ) ;
#1489 = PLANE ( 'NONE',  #632 ) ;
#1490 = CARTESIAN_POINT ( 'NONE',  ( -7.074999999999999300, -1.700000000000000000, -6.000000000000000000 ) ) ;
#1491 = DIRECTION ( 'NONE',  ( -1.000000000000000000, 1.249800775199429400E-016, 0.0000000000000000000 ) ) ;
#1492 = DIRECTION ( 'NONE',  ( -1.249800775199429400E-016, -1.000000000000000000, 0.0000000000000000000 ) ) ;
#1493 = PLANE ( 'NONE',  #636 ) ;
#1494 = FILL_AREA_STYLE_COLOUR ( '', #3299 ) ;
#1495 = DIRECTION ( 'NONE',  ( 0.0000000000000000000, -1.000000000000000000, -0.0000000000000000000 ) ) ;
#1496 = DIRECTION ( 'NONE',  ( 0.0000000000000000000, 0.0000000000000000000, -1.000000000000000000 ) ) ;
#1497 = PLANE ( 'NONE',  #638 ) ;
#1498 = CARTESIAN_POINT ( 'NONE',  ( 5.100000000000006800, 3.050720595683354600E-015, 10.30254822847240700 ) ) ;
#1499 = FILL_AREA_STYLE ('',( #1494 ) ) ;
#1500 = SURFACE_SIDE_STYLE ('',( #3292 ) ) ;
#1501 = SURFACE_STYLE_USAGE ( .BOTH. , #1500 ) ;
#1502 =( LENGTH_UNIT ( ) NAMED_UNIT ( * ) SI_UNIT ( .MILLI., .METRE. ) );
#1503 =( NAMED_UNIT ( * ) PLANE_ANGLE_UNIT ( ) SI_UNIT ( $, .RADIAN. ) );
#1504 =( NAMED_UNIT ( * ) SI_UNIT ( $, .STERADIAN. ) SOLID_ANGLE_UNIT ( ) );
#1505 = CARTESIAN_POINT ( 'NONE',  ( -6.099999999999999600, -3.249999999999999600, -13.00000000000000000 ) ) ;
#1506 = DIRECTION ( 'NONE',  ( 0.0000000000000000000, -1.000000000000000000, 0.0000000000000000000 ) ) ;
#1507 = DIRECTION ( 'NONE',  ( 0.0000000000000000000, -0.0000000000000000000, -1.000000000000000000 ) ) ;
#1508 = DIRECTION ( 'NONE',  ( -0.0000000000000000000, 1.000000000000000000, -0.0000000000000000000 ) ) ;
#1509 = FILL_AREA_STYLE_COLOUR ( '', #3304 ) ;
#1510 = DIRECTION ( 'NONE',  ( -1.000000000000000000, -5.981805089575198200E-016, 0.0000000000000000000 ) ) ;
#1511 = DIRECTION ( 'NONE',  ( 5.981805089575198200E-016, -1.000000000000000000, 0.0000000000000000000 ) ) ;
#1512 = CARTESIAN_POINT ( 'NONE',  ( 1.530000000000000900, -7.136396103067890600, -8.300000000000016700 ) ) ;
#1513 = DIRECTION ( 'NONE',  ( 0.0000000000000000000, 0.0000000000000000000, 1.000000000000000000 ) ) ;
#1514 = FILL_AREA_STYLE ('',( #1509 ) ) ;
#1515 = SURFACE_SIDE_STYLE ('',( #3301 ) ) ;
#1516 = SURFACE_STYLE_USAGE ( .BOTH. , #1515 ) ;
#1517 =( LENGTH_UNIT ( ) NAMED_UNIT ( * ) SI_UNIT ( .MILLI., .METRE. ) );
#1518 =( NAMED_UNIT ( * ) PLANE_ANGLE_UNIT ( ) SI_UNIT ( $, .RADIAN. ) );
#1519 =( NAMED_UNIT ( * ) SI_UNIT ( $, .STERADIAN. ) SOLID_ANGLE_UNIT ( ) );
#1520 = DIRECTION ( 'NONE',  ( 0.0000000000000000000, 0.0000000000000000000, 1.000000000000000000 ) ) ;
#1521 = CARTESIAN_POINT ( 'NONE',  ( 3.875000000000000000, 14.50000000000000000, -0.5000000000000000000 ) ) ;
#1522 = DIRECTION ( 'NONE',  ( 0.0000000000000000000, 1.000000000000000000, 0.0000000000000000000 ) ) ;
#1523 = FILL_AREA_STYLE_COLOUR ( '', #3305 ) ;
#1524 = CARTESIAN_POINT ( 'NONE',  ( -0.5099999999999991200, -7.136396103067890600, -8.300000000000030900 ) ) ;
#1525 = DIRECTION ( 'NONE',  ( -0.0000000000000000000, 1.000000000000000000, -0.0000000000000000000 ) ) ;
#1526 = CARTESIAN_POINT ( 'NONE',  ( 0.0000000000000000000, 0.0000000000000000000, -4.200000000000000200 ) ) ;
#1527 = FILL_AREA_STYLE ('',( #1523 ) ) ;
#1528 = SURFACE_SIDE_STYLE ('',( #3310 ) ) ;
#1529 = SURFACE_STYLE_USAGE ( .BOTH. , #1528 ) ;
#1530 =( LENGTH_UNIT ( ) NAMED_UNIT ( * ) SI_UNIT ( .MILLI., .METRE. ) );
#1531 =( NAMED_UNIT ( * ) PLANE_ANGLE_UNIT ( ) SI_UNIT ( $, .RADIAN. ) );
#1532 =( NAMED_UNIT ( * ) SI_UNIT ( $, .STERADIAN. ) SOLID_ANGLE_UNIT ( ) );
#1533 = DIRECTION ( 'NONE',  ( 0.0000000000000000000, 0.0000000000000000000, 1.000000000000000000 ) ) ;
#1534 = PLANE ( 'NONE',  #650 ) ;
#1535 = PLANE ( 'NONE',  #649 ) ;
#1536 = CARTESIAN_POINT ( 'NONE',  ( 5.100000000000000500, 1.535953077687798100E-015, 10.59879238404074200 ) ) ;
#1537 = DIRECTION ( 'NONE',  ( -0.0000000000000000000, 0.0000000000000000000, 1.000000000000000000 ) ) ;
#1538 = DIRECTION ( 'NONE',  ( 1.000000000000000000, 0.0000000000000000000, 0.0000000000000000000 ) ) ;
#1539 = PLANE ( 'NONE',  #651 ) ;
#1540 = CARTESIAN_POINT ( 'NONE',  ( 0.0000000000000000000, 0.0000000000000000000, -2.000000000000000000 ) ) ;
#1541 = DIRECTION ( 'NONE',  ( -1.000000000000000000, -3.011672701348623500E-016, 0.0000000000000000000 ) ) ;
#1542 = DIRECTION ( 'NONE',  ( 3.011672701348623500E-016, -1.000000000000000000, 0.0000000000000000000 ) ) ;
#1543 = DIRECTION ( 'NONE',  ( -0.0000000000000000000, -1.000000000000000000, -0.0000000000000000000 ) ) ;
#1544 = DIRECTION ( 'NONE',  ( 0.0000000000000000000, 0.0000000000000000000, -1.000000000000000000 ) ) ;
#1545 = DIRECTION ( 'NONE',  ( -0.0000000000000000000, 0.0000000000000000000, 1.000000000000000000 ) ) ;
#1546 = DIRECTION ( 'NONE',  ( 1.000000000000000000, 0.0000000000000000000, 0.0000000000000000000 ) ) ;
#1547 = CARTESIAN_POINT ( 'NONE',  ( -6.000000000000000000, 0.0000000000000000000, -6.000000000000000000 ) ) ;
#1548 = DIRECTION ( 'NONE',  ( 0.0000000000000000000, 0.0000000000000000000, -1.000000000000000000 ) ) ;
#1549 = CARTESIAN_POINT ( 'NONE',  ( -6.000000000000000000, -997.3499999999999100, -6.000000000000000000 ) ) ;
#1550 = DIRECTION ( 'NONE',  ( -0.0000000000000000000, -1.000000000000000000, -0.0000000000000000000 ) ) ;
#1551 = DIRECTION ( 'NONE',  ( 1.000000000000000000, -8.324009001808088300E-017, 0.0000000000000000000 ) ) ;
#1552 = CARTESIAN_POINT ( 'NONE',  ( -5.440000000000002200, 4.528260896983606100E-016, -0.5000000000000004400 ) ) ;
#1553 = DIRECTION ( 'NONE',  ( -8.324009001808095700E-017, -1.000000000000000000, 0.0000000000000000000 ) ) ;
#1554 = CARTESIAN_POINT ( 'NONE',  ( 0.0000000000000000000, 12.05000000000000200, 10.30254822847240700 ) ) ;
#1555 = PLANE ( 'NONE',  #656 ) ;
#1556 = PLANE ( 'NONE',  #655 ) ;
#1557 = CARTESIAN_POINT ( 'NONE',  ( -5.099999999999992500, -3.050720595683345900E-015, 10.30254822847240700 ) ) ;
#1558 = DIRECTION ( 'NONE',  ( 0.0000000000000000000, -1.000000000000000000, 0.0000000000000000000 ) ) ;
#1559 = DIRECTION ( 'NONE',  ( 0.0000000000000000000, -0.0000000000000000000, -1.000000000000000000 ) ) ;
#1560 = DIRECTION ( 'NONE',  ( 0.0000000000000000000, 0.0000000000000000000, -1.000000000000000000 ) ) ;
#1561 = DIRECTION ( 'NONE',  ( 1.000000000000000000, 5.981805089575198200E-016, -0.0000000000000000000 ) ) ;
#1562 = DIRECTION ( 'NONE',  ( -5.981805089575198200E-016, 1.000000000000000000, 0.0000000000000000000 ) ) ;
#1563 = CARTESIAN_POINT ( 'NONE',  ( -6.099999999999999600, 14.50000000000000000, -13.00000000000000000 ) ) ;
#1564 = PLANE ( 'NONE',  #658 ) ;
#1565 = PLANE ( 'NONE',  #657 ) ;
#1566 = CARTESIAN_POINT ( 'NONE',  ( 0.0000000000000000000, 12.05000000000000200, -11.35000000000000000 ) ) ;
#1567 = DIRECTION ( 'NONE',  ( -1.000000000000000000, 0.0000000000000000000, -0.0000000000000000000 ) ) ;
#1568 = PLANE ( 'NONE',  #659 ) ;
#1569 = CARTESIAN_POINT ( 'NONE',  ( 0.0000000000000000000, 13.50000000000000000, -11.35000000000000000 ) ) ;
#1570 = DIRECTION ( 'NONE',  ( 0.0000000000000000000, 1.000000000000000000, 0.0000000000000000000 ) ) ;
#1571 = DIRECTION ( 'NONE',  ( 0.0000000000000000000, -0.0000000000000000000, 1.000000000000000000 ) ) ;
#1572 = PLANE ( 'NONE',  #660 ) ;
#1573 = CARTESIAN_POINT ( 'NONE',  ( -6.099999999999999600, 14.50000000000000000, -13.00000000000000000 ) ) ;
#1574 = DIRECTION ( 'NONE',  ( 0.0000000000000000000, -1.000000000000000000, 0.0000000000000000000 ) ) ;
#1575 = DIRECTION ( 'NONE',  ( 0.0000000000000000000, -0.0000000000000000000, -1.000000000000000000 ) ) ;
#1576 = PLANE ( 'NONE',  #661 ) ;
#1577 = CARTESIAN_POINT ( 'NONE',  ( -6.099999999999999600, 14.50000000000000000, -3.000000000000000000 ) ) ;
#1578 = DIRECTION ( 'NONE',  ( 0.0000000000000000000, 1.000000000000000000, 0.0000000000000000000 ) ) ;
#1579 = DIRECTION ( 'NONE',  ( 0.0000000000000000000, -0.0000000000000000000, 1.000000000000000000 ) ) ;
#1580 = DIRECTION ( 'NONE',  ( 0.0000000000000000000, -1.000000000000000000, 0.0000000000000000000 ) ) ;
#1581 = DIRECTION ( 'NONE',  ( 0.0000000000000000000, 0.0000000000000000000, -1.000000000000000000 ) ) ;
#1582 = DIRECTION ( 'NONE',  ( 0.0000000000000000000, 0.0000000000000000000, -1.000000000000000000 ) ) ;
#1583 = DIRECTION ( 'NONE',  ( -1.000000000000000000, 0.0000000000000000000, -0.0000000000000000000 ) ) ;
#1584 = CARTESIAN_POINT ( 'NONE',  ( -3.875000000000000400, 0.0000000000000000000, -0.5000000000000004400 ) ) ;
#1585 = DIRECTION ( 'NONE',  ( 0.0000000000000000000, 0.0000000000000000000, 1.000000000000000000 ) ) ;
#1586 = CARTESIAN_POINT ( 'NONE',  ( 0.0000000000000000000, 10.92000000000000200, -0.5000000000000004400 ) ) ;
#1587 = DIRECTION ( 'NONE',  ( -1.000000000000000000, 0.0000000000000000000, 0.0000000000000000000 ) ) ;
#1588 = CARTESIAN_POINT ( 'NONE',  ( -3.375000000000000400, 0.0000000000000000000, -11.35000000000000000 ) ) ;
#1589 = PLANE ( 'NONE',  #665 ) ;
#1590 = PLANE ( 'NONE',  #664 ) ;
#1591 = CARTESIAN_POINT ( 'NONE',  ( 0.0000000000000000000, 0.0000000000000000000, -11.35000000000000000 ) ) ;
#1592 = DIRECTION ( 'NONE',  ( -1.000000000000000000, 0.0000000000000000000, -0.0000000000000000000 ) ) ;
#1593 = DIRECTION ( 'NONE',  ( -0.0000000000000000000, 0.0000000000000000000, 1.000000000000000000 ) ) ;
#1594 = DIRECTION ( 'NONE',  ( 0.0000000000000000000, 0.0000000000000000000, 1.000000000000000000 ) ) ;
#1595 = DIRECTION ( 'NONE',  ( 1.000000000000000000, 0.0000000000000000000, 0.0000000000000000000 ) ) ;
#1596 = DIRECTION ( 'NONE',  ( -0.0000000000000000000, 0.0000000000000000000, 1.000000000000000000 ) ) ;
#1597 = DIRECTION ( 'NONE',  ( 1.000000000000000000, 0.0000000000000000000, 0.0000000000000000000 ) ) ;
#1598 = CARTESIAN_POINT ( 'NONE',  ( 5.599999999999998800, 14.00000000000000000, -13.00000000000000000 ) ) ;
#1599 = DIRECTION ( 'NONE',  ( 1.000000000000000000, 0.0000000000000000000, 0.0000000000000000000 ) ) ;
#1600 = CARTESIAN_POINT ( 'NONE',  ( 6.000000000000000000, -0.9250000000000000400, -7.500000000000000900 ) ) ;
#1601 = DIRECTION ( 'NONE',  ( -0.0000000000000000000, -0.0000000000000000000, 1.000000000000000000 ) ) ;
#1602 = CARTESIAN_POINT ( 'NONE',  ( 6.099999999999999600, 0.0000000000000000000, -13.00000000000000000 ) ) ;
#1603 = PLANE ( 'NONE',  #669 ) ;
#1604 = PLANE ( 'NONE',  #668 ) ;
#1605 = CARTESIAN_POINT ( 'NONE',  ( 4.940000000000001300, 0.5000000000000000000, -6.149999999999999500 ) ) ;
#1606 = DIRECTION ( 'NONE',  ( 1.000000000000000000, 0.0000000000000000000, 0.0000000000000000000 ) ) ;
#1607 = DIRECTION ( 'NONE',  ( 0.0000000000000000000, 0.0000000000000000000, -1.000000000000000000 ) ) ;
#1608 = PLANE ( 'NONE',  #670 ) ;
#1609 = CARTESIAN_POINT ( 'NONE',  ( 4.940000000000001300, 0.5000000000000000000, -6.149999999999999500 ) ) ;
#1610 = DIRECTION ( 'NONE',  ( 0.0000000000000000000, -0.0000000000000000000, 1.000000000000000000 ) ) ;
#1611 = DIRECTION ( 'NONE',  ( 1.000000000000000000, 0.0000000000000000000, -0.0000000000000000000 ) ) ;
#1612 = PLANE ( 'NONE',  #671 ) ;
#1613 = CARTESIAN_POINT ( 'NONE',  ( -6.099999999999999600, 14.50000000000000000, -3.000000000000000000 ) ) ;
#1614 = DIRECTION ( 'NONE',  ( 1.000000000000000000, -0.0000000000000000000, 1.621236893436268200E-016 ) ) ;
#1615 = DIRECTION ( 'NONE',  ( 1.621236893436268200E-016, 0.0000000000000000000, -1.000000000000000000 ) ) ;
#1616 = PLANE ( 'NONE',  #672 ) ;
#1617 = CARTESIAN_POINT ( 'NONE',  ( -7.000000000000000000, -3.200000000000000200, -6.000000000000000000 ) ) ;
#1618 = DIRECTION ( 'NONE',  ( 0.0000000000000000000, 0.0000000000000000000, -1.000000000000000000 ) ) ;
#1619 = DIRECTION ( 'NONE',  ( -1.000000000000000000, 0.0000000000000000000, -0.0000000000000000000 ) ) ;
#1620 = PLANE ( 'NONE',  #674 ) ;
#1621 = CARTESIAN_POINT ( 'NONE',  ( -6.425000000000002500, -3.200000000000000200, -7.500000000000000900 ) ) ;
#1622 = DIRECTION ( 'NONE',  ( 0.0000000000000000000, 1.000000000000000000, 0.0000000000000000000 ) ) ;
#1623 = DIRECTION ( 'NONE',  ( 0.0000000000000000000, -0.0000000000000000000, 1.000000000000000000 ) ) ;
#1624 = PLANE ( 'NONE',  #678 ) ;
#1625 = FILL_AREA_STYLE_COLOUR ( '', #3349 ) ;
#1626 = DIRECTION ( 'NONE',  ( -1.000000000000000000, 3.812579068080894500E-016, 0.0000000000000000000 ) ) ;
#1627 = DIRECTION ( 'NONE',  ( -3.812579068080894500E-016, -1.000000000000000000, 0.0000000000000000000 ) ) ;
#1628 = PLANE ( 'NONE',  #679 ) ;
#1629 = CARTESIAN_POINT ( 'NONE',  ( 5.159411708155671400, 14.10000000000000100, -5.637889269910316100E-017 ) ) ;
#1630 = FILL_AREA_STYLE ('',( #1625 ) ) ;
#1631 = SURFACE_SIDE_STYLE ('',( #3342 ) ) ;
#1632 = SURFACE_STYLE_USAGE ( .BOTH. , #1631 ) ;
#1633 =( LENGTH_UNIT ( ) NAMED_UNIT ( * ) SI_UNIT ( .MILLI., .METRE. ) );
#1634 =( NAMED_UNIT ( * ) PLANE_ANGLE_UNIT ( ) SI_UNIT ( $, .RADIAN. ) );
#1635 =( NAMED_UNIT ( * ) SI_UNIT ( $, .STERADIAN. ) SOLID_ANGLE_UNIT ( ) );
#1636 = CARTESIAN_POINT ( 'NONE',  ( -6.099999999999999600, -3.249999999999999600, -13.00000000000000000 ) ) ;
#1637 = DIRECTION ( 'NONE',  ( 0.0000000000000000000, -1.000000000000000000, 0.0000000000000000000 ) ) ;
#1638 = DIRECTION ( 'NONE',  ( 0.0000000000000000000, -0.0000000000000000000, -1.000000000000000000 ) ) ;
#1639 = DIRECTION ( 'NONE',  ( -0.0000000000000000000, -1.000000000000000000, -0.0000000000000000000 ) ) ;
#1640 = DIRECTION ( 'NONE',  ( 0.0000000000000000000, 0.0000000000000000000, -1.000000000000000000 ) ) ;
#1641 = DIRECTION ( 'NONE',  ( 0.0000000000000000000, -0.9805806756909202200, 0.1961161351381839600 ) ) ;
#1642 = DIRECTION ( 'NONE',  ( 0.0000000000000000000, -0.1961161351381839600, -0.9805806756909202200 ) ) ;
#1643 = CARTESIAN_POINT ( 'NONE',  ( -6.000000000000000000, 0.0000000000000000000, -6.000000000000000000 ) ) ;
#1644 = DIRECTION ( 'NONE',  ( 0.0000000000000000000, 0.0000000000000000000, 1.000000000000000000 ) ) ;
#1645 = CARTESIAN_POINT ( 'NONE',  ( -6.000000000000000000, -1.749999999999999800, -6.000000000000000000 ) ) ;
#1646 = DIRECTION ( 'NONE',  ( 0.0000000000000000000, 1.000000000000000000, 0.0000000000000000000 ) ) ;
#1647 = CARTESIAN_POINT ( 'NONE',  ( -6.099999999999999600, 0.0000000000000000000, -13.00000000000000000 ) ) ;
#1648 = DIRECTION ( 'NONE',  ( 0.0000000000000000000, -1.000000000000000000, -0.0000000000000000000 ) ) ;
#1649 = PLANE ( 'NONE',  #682 ) ;
#1650 = DIRECTION ( 'NONE',  ( 0.0000000000000000000, 0.0000000000000000000, -1.000000000000000000 ) ) ;
#1651 = DIRECTION ( 'NONE',  ( 0.0000000000000000000, -1.000000000000000000, 0.0000000000000000000 ) ) ;
#1652 = DIRECTION ( 'NONE',  ( 0.0000000000000000000, -0.0000000000000000000, -1.000000000000000000 ) ) ;
#1653 = CARTESIAN_POINT ( 'NONE',  ( 6.000000000000000000, 0.0000000000000000000, -6.000000000000000000 ) ) ;
#1654 = CARTESIAN_POINT ( 'NONE',  ( 7.000000000000000000, -3.200000000000000200, -6.000000000000000000 ) ) ;
#1655 = DIRECTION ( 'NONE',  ( 0.0000000000000000000, 0.0000000000000000000, -1.000000000000000000 ) ) ;
#1656 = PLANE ( 'NONE',  #684 ) ;
#1657 = DIRECTION ( 'NONE',  ( 0.0000000000000000000, -1.000000000000000000, 0.0000000000000000000 ) ) ;
#1658 = DIRECTION ( 'NONE',  ( 0.0000000000000000000, 1.000000000000000000, 0.0000000000000000000 ) ) ;
#1659 = DIRECTION ( 'NONE',  ( 0.0000000000000000000, 0.0000000000000000000, 1.000000000000000000 ) ) ;
#1660 = PLANE ( 'NONE',  #686 ) ;
#1661 = CARTESIAN_POINT ( 'NONE',  ( 4.940000000000002200, 0.5000000000000000000, -11.50000000000000000 ) ) ;
#1662 = DIRECTION ( 'NONE',  ( -0.0000000000000000000, -1.000000000000000000, -0.0000000000000000000 ) ) ;
#1663 = DIRECTION ( 'NONE',  ( 0.0000000000000000000, 0.0000000000000000000, -1.000000000000000000 ) ) ;
#1664 = CARTESIAN_POINT ( 'NONE',  ( -6.000000000000000000, 0.0000000000000000000, -6.000000000000000000 ) ) ;
#1665 = CARTESIAN_POINT ( 'NONE',  ( 7.000000000000000000, -3.200000000000000200, -6.000000000000000000 ) ) ;
#1666 = DIRECTION ( 'NONE',  ( 0.0000000000000000000, 1.000000000000000000, 0.0000000000000000000 ) ) ;
#1667 = PLANE ( 'NONE',  #688 ) ;
#1668 = DIRECTION ( 'NONE',  ( 0.0000000000000000000, 0.0000000000000000000, 1.000000000000000000 ) ) ;
#1669 = DIRECTION ( 'NONE',  ( 0.0000000000000000000, 1.000000000000000000, 0.0000000000000000000 ) ) ;
#1670 = DIRECTION ( 'NONE',  ( 0.0000000000000000000, 0.0000000000000000000, 1.000000000000000000 ) ) ;
#1671 = CARTESIAN_POINT ( 'NONE',  ( 6.000000000000000000, -1.749999999999999800, -6.000000000000000000 ) ) ;
#1672 = CARTESIAN_POINT ( 'NONE',  ( -6.099999999999999600, 0.0000000000000000000, -13.00000000000000000 ) ) ;
#1673 = DIRECTION ( 'NONE',  ( -0.0000000000000000000, 1.000000000000000000, -0.0000000000000000000 ) ) ;
#1674 = PLANE ( 'NONE',  #690 ) ;
#1675 = FILL_AREA_STYLE_COLOUR ( '', #3370 ) ;
#1676 = DIRECTION ( 'NONE',  ( 0.0000000000000000000, -1.000000000000000000, 0.0000000000000000000 ) ) ;
#1677 = DIRECTION ( 'NONE',  ( 0.0000000000000000000, -0.0000000000000000000, -1.000000000000000000 ) ) ;
#1678 = CARTESIAN_POINT ( 'NONE',  ( 0.5100000000000009000, -7.136396103067890600, -10.84000000000002700 ) ) ;
#1679 = DIRECTION ( 'NONE',  ( 0.0000000000000000000, 0.0000000000000000000, -1.000000000000000000 ) ) ;
#1680 = FILL_AREA_STYLE ('',( #1675 ) ) ;
#1681 = SURFACE_SIDE_STYLE ('',( #3371 ) ) ;
#1682 = SURFACE_STYLE_USAGE ( .BOTH. , #1681 ) ;
#1683 =( LENGTH_UNIT ( ) NAMED_UNIT ( * ) SI_UNIT ( .MILLI., .METRE. ) );
#1684 =( NAMED_UNIT ( * ) PLANE_ANGLE_UNIT ( ) SI_UNIT ( $, .RADIAN. ) );
#1685 =( NAMED_UNIT ( * ) SI_UNIT ( $, .STERADIAN. ) SOLID_ANGLE_UNIT ( ) );
#1686 = DIRECTION ( 'NONE',  ( 0.0000000000000000000, 0.0000000000000000000, 1.000000000000000000 ) ) ;
#1687 = CARTESIAN_POINT ( 'NONE',  ( 6.000000000000000000, 0.0000000000000000000, -6.000000000000000000 ) ) ;
#1688 = DIRECTION ( 'NONE',  ( 0.0000000000000000000, -1.000000000000000000, -0.0000000000000000000 ) ) ;
#1689 = CARTESIAN_POINT ( 'NONE',  ( -6.099999999999999600, 0.0000000000000000000, -13.00000000000000000 ) ) ;
#1690 = PLANE ( 'NONE',  #697 ) ;
#1691 = PLANE ( 'NONE',  #696 ) ;
#1692 = CARTESIAN_POINT ( 'NONE',  ( 4.940000000000001300, 0.5000000000000000000, -2.000000000000000000 ) ) ;
#1693 = DIRECTION ( 'NONE',  ( 0.0000000000000000000, -1.000000000000000000, 0.0000000000000000000 ) ) ;
#1694 = DIRECTION ( 'NONE',  ( 0.0000000000000000000, -0.0000000000000000000, -1.000000000000000000 ) ) ;
#1695 = PLANE ( 'NONE',  #699 ) ;
#1696 = CARTESIAN_POINT ( 'NONE',  ( 7.074999999999999300, -1.700000000000000000, -6.000000000000000000 ) ) ;
#1697 = DIRECTION ( 'NONE',  ( -0.0000000000000000000, 1.000000000000000000, 0.0000000000000000000 ) ) ;
#1698 = DIRECTION ( 'NONE',  ( 0.0000000000000000000, -0.0000000000000000000, 1.000000000000000000 ) ) ;
#1699 = DIRECTION ( 'NONE',  ( -0.0000000000000000000, 1.000000000000000000, -0.0000000000000000000 ) ) ;
#1700 = FILL_AREA_STYLE_COLOUR ( '', #3383 ) ;
#1701 = DIRECTION ( 'NONE',  ( 0.0000000000000000000, -1.000000000000000000, 0.0000000000000000000 ) ) ;
#1702 = DIRECTION ( 'NONE',  ( 0.0000000000000000000, 0.0000000000000000000, -1.000000000000000000 ) ) ;
#1703 = CARTESIAN_POINT ( 'NONE',  ( -0.5099999999999991200, -7.136396103067890600, -8.300000000000030900 ) ) ;
#1704 = CARTESIAN_POINT ( 'NONE',  ( 4.940000000000001300, 0.5000000000000000000, -5.849999999999999600 ) ) ;
#1705 = FILL_AREA_STYLE ('',( #1700 ) ) ;
#1706 = SURFACE_SIDE_STYLE ('',( #3376 ) ) ;
#1707 = SURFACE_STYLE_USAGE ( .BOTH. , #1706 ) ;
#1708 =( LENGTH_UNIT ( ) NAMED_UNIT ( * ) SI_UNIT ( .MILLI., .METRE. ) );
#1709 =( NAMED_UNIT ( * ) PLANE_ANGLE_UNIT ( ) SI_UNIT ( $, .RADIAN. ) );
#1710 =( NAMED_UNIT ( * ) SI_UNIT ( $, .STERADIAN. ) SOLID_ANGLE_UNIT ( ) );
#1711 = DIRECTION ( 'NONE',  ( 0.0000000000000000000, 0.0000000000000000000, 1.000000000000000000 ) ) ;
#1712 = B_SPLINE_CURVE_WITH_KNOTS ( 'NONE', 3,
 ( #784, #794, #796, #783 ),
 .UNSPECIFIED., .F., .F.,
 ( 4, 4 ),
 ( 0.001487831783459070600, 0.002953974274550162800 ),
 .UNSPECIFIED. ) ;
#1713 = PLANE ( 'NONE',  #706 ) ;
#1714 = PLANE ( 'NONE',  #704 ) ;
#1715 = CARTESIAN_POINT ( 'NONE',  ( 7.074999999999999300, -1.700000000000000000, -6.000000000000000000 ) ) ;
#1716 = DIRECTION ( 'NONE',  ( 0.0000000000000000000, 0.0000000000000000000, -1.000000000000000000 ) ) ;
#1717 = DIRECTION ( 'NONE',  ( -1.000000000000000000, 0.0000000000000000000, -0.0000000000000000000 ) ) ;
#1718 = DIRECTION ( 'NONE',  ( -0.0000000000000000000, 1.000000000000000000, -0.0000000000000000000 ) ) ;
#1719 = B_SPLINE_CURVE_WITH_KNOTS ( 'NONE', 3,
 ( #781, #792, #802, #778 ),
 .UNSPECIFIED., .F., .F.,
 ( 4, 4 ),
 ( 0.006215844905151719100, 0.007681992207756688900 ),
 .UNSPECIFIED. ) ;
#1720 = FILL_AREA_STYLE_COLOUR ( '', #751 ) ;
#1721 = B_SPLINE_CURVE_WITH_KNOTS ( 'NONE', 3,
 ( #2316, #2330, #2326, #2314, #2327, #2329 ),
 .UNSPECIFIED., .F., .F.,
 ( 4, 2, 4 ),
 ( 0.0006714831777323690300, 0.001006707121114580100, 0.001341931064496791400 ),
 .UNSPECIFIED. ) ;
#1722 = DIRECTION ( 'NONE',  ( 0.0000000000000000000, -1.000000000000000000, 0.0000000000000000000 ) ) ;
#1723 = DIRECTION ( 'NONE',  ( 0.0000000000000000000, 0.0000000000000000000, -1.000000000000000000 ) ) ;
#1724 = B_SPLINE_CURVE_WITH_KNOTS ( 'NONE', 3,
 ( #19, #26, #25, #18, #14, #36 ),
 .UNSPECIFIED., .F., .F.,
 ( 4, 2, 4 ),
 ( 3.252606517456513300E-019, 0.0003357415888661846800, 0.0006714831777323690300 ),
 .UNSPECIFIED. ) ;
#1725 = CARTESIAN_POINT ( 'NONE',  ( 1.530000000000000900, -7.136396103067890600, -8.300000000000016700 ) ) ;
#1726 = B_SPLINE_CURVE_WITH_KNOTS ( 'NONE', 3,
 ( #2251, #2161, #27, #13 ),
 .UNSPECIFIED., .F., .F.,
 ( 4, 4 ),
 ( 0.001487831783459069800, 0.002953974274550162800 ),
 .UNSPECIFIED. ) ;
#1727 = DIRECTION ( 'NONE',  ( 0.0000000000000000000, 0.0000000000000000000, 1.000000000000000000 ) ) ;
#1728 = FILL_AREA_STYLE ('',( #1720 ) ) ;
#1729 = B_SPLINE_CURVE_WITH_KNOTS ( 'NONE', 3,
 ( #983, #972, #974, #975 ),
 .UNSPECIFIED., .F., .F.,
 ( 4, 4 ),
 ( 0.006215844905151719100, 0.007681992207756688900 ),
 .UNSPECIFIED. ) ;
#1730 = SURFACE_SIDE_STYLE ('',( #748 ) ) ;
#1732 = B_SPLINE_CURVE_WITH_KNOTS ( 'NONE', 3,
 ( #971, #982, #985, #1069 ),
 .UNSPECIFIED., .F., .F.,
 ( 4, 4 ),
 ( 0.001487831783459070600, 0.002953974274550162800 ),
 .UNSPECIFIED. ) ;
#1731 = SURFACE_STYLE_USAGE ( .BOTH. , #1730 ) ;
#1733 =( LENGTH_UNIT ( ) NAMED_UNIT ( * ) SI_UNIT ( .MILLI., .METRE. ) );
#1734 = B_SPLINE_CURVE_WITH_KNOTS ( 'NONE', 3,
 ( #1044, #1058, #1074, #1034 ),
 .UNSPECIFIED., .F., .F.,
 ( 4, 4 ),
 ( 0.006215844905151718200, 0.007681992207756689800 ),
 .UNSPECIFIED. ) ;
#1735 =( NAMED_UNIT ( * ) PLANE_ANGLE_UNIT ( ) SI_UNIT ( $, .RADIAN. ) );
#1736 =( NAMED_UNIT ( * ) SI_UNIT ( $, .STERADIAN. ) SOLID_ANGLE_UNIT ( ) );
#1737 = B_SPLINE_CURVE_WITH_KNOTS ( 'NONE', 3,
 ( #1045, #1043, #1016, #1017, #1018, #997 ),
 .UNSPECIFIED., .F., .F.,
 ( 4, 2, 4 ),
 ( 0.0006714831777323690300, 0.001006707121114580100, 0.001341931064496791400 ),
 .UNSPECIFIED. ) ;
#1738 = DIRECTION ( 'NONE',  ( 0.0000000000000000000, 0.0000000000000000000, 1.000000000000000000 ) ) ;
#1739 = B_SPLINE_CURVE_WITH_KNOTS ( 'NONE', 3,
 ( #1081, #970, #995, #996, #988, #989 ),
 .UNSPECIFIED., .F., .F.,
 ( 4, 2, 4 ),
 ( 0.0000000000000000000, 0.0003357415888661845200, 0.0006714831777323690300 ),
 .UNSPECIFIED. ) ;
#1740 = CARTESIAN_POINT ( 'NONE',  ( 6.000000000000000000, -1.749999999999999800, -6.000000000000000000 ) ) ;
#1741 = B_SPLINE_CURVE_WITH_KNOTS ( 'NONE', 3,
 ( #2282, #2280, #2279, #2278 ),
 .UNSPECIFIED., .F., .F.,
 ( 4, 4 ),
 ( 0.001487831783459069800, 0.002953974274550162800 ),
 .UNSPECIFIED. ) ;
#1742 = DIRECTION ( 'NONE',  ( 0.0000000000000000000, 1.000000000000000000, 0.0000000000000000000 ) ) ;
#1743 = FILL_AREA_STYLE_COLOUR ( '', #752 ) ;
#1744 = B_SPLINE_CURVE_WITH_KNOTS ( 'NONE', 3,
 ( #813, #810, #814, #2275 ),
 .UNSPECIFIED., .F., .F.,
 ( 4, 4 ),
 ( 0.006215844905151718200, 0.007681992207756689800 ),
 .UNSPECIFIED. ) ;
#1745 = CARTESIAN_POINT ( 'NONE',  ( -1.529999999999999100, -7.136396103067890600, -10.84000000000004200 ) ) ;
#1746 = B_SPLINE_CURVE_WITH_KNOTS ( 'NONE', 3,
 ( #904, #939, #938, #937, #936, #935, #934, #933, #932, #931, #930, #929, #928, #927, #926, #925, #924, #923, #922, #921, #920, #919 ),
 .UNSPECIFIED., .F., .F.,
 ( 4, 2, 2, 2, 2, 2, 2, 2, 2, 2, 4 ),
 ( 0.005079544609168018200, 0.005809891285855690900, 0.006175064624199526300, 0.006357651293371444100, 0.006448944627957402900, 0.006540237962543361800, 0.006631531297129320700, 0.006722824631715279600, 0.006905411300887195600, 0.007270584639231029300, 0.008000931315918696800 ),
 .UNSPECIFIED. ) ;
#1747 = DIRECTION ( 'NONE',  ( -0.0000000000000000000, 1.000000000000000000, -0.0000000000000000000 ) ) ;
#1748 = B_SPLINE_CURVE_WITH_KNOTS ( 'NONE', 3,
 ( #881, #890, #895, #879, #878, #877, #876, #2233, #740, #739, #738, #732, #737, #731, #743, #744, #742, #736, #735, #733, #741, #734 ),
 .UNSPECIFIED., .F., .F.,
 ( 4, 2, 2, 2, 2, 2, 2, 2, 2, 2, 4 ),
 ( 0.005692208263772331900, 0.006418304396213646600, 0.006781352462434303600, 0.006962876495544632900, 0.007053638512099797600, 0.007144400528654962200, 0.007235162545210127800, 0.007325924561765292400, 0.007507448594875621800, 0.007870496661096283000, 0.008596592793537603800 ),
 .UNSPECIFIED. ) ;
#1749 = DIRECTION ( 'NONE',  ( 0.0000000000000000000, 0.0000000000000000000, -1.000000000000000000 ) ) ;
#1750 = FILL_AREA_STYLE ('',( #1743 ) ) ;
#1751 = B_SPLINE_CURVE_WITH_KNOTS ( 'NONE', 3,
 ( #1115, #1116, #1123, #1124, #1125, #1126 ),
 .UNSPECIFIED., .F., .F.,
 ( 4, 2, 4 ),
 ( 3.252606517456513300E-019, 0.0003357415888661846800, 0.0006714831777323690300 ),
 .UNSPECIFIED. ) ;
#1752 = SURFACE_SIDE_STYLE ('',( #757 ) ) ;
#1753 = SURFACE_STYLE_USAGE ( .BOTH. , #1752 ) ;
#1754 = B_SPLINE_CURVE_WITH_KNOTS ( 'NONE', 3,
 ( #1211, #1212, #1219, #1220, #1221, #1222 ),
 .UNSPECIFIED., .F., .F.,
 ( 4, 2, 4 ),
 ( 0.0006714831777323690300, 0.001006707121114580100, 0.001341931064496791400 ),
 .UNSPECIFIED. ) ;
#1755 =( LENGTH_UNIT ( ) NAMED_UNIT ( * ) SI_UNIT ( .MILLI., .METRE. ) );
#1756 =( NAMED_UNIT ( * ) PLANE_ANGLE_UNIT ( ) SI_UNIT ( $, .RADIAN. ) );
#1757 = UNCERTAINTY_MEASURE_WITH_UNIT (LENGTH_MEASURE( 1.000000000000000100E-005 ), #1306, 'distance_accuracy_value', 'NONE');
#1758 =( NAMED_UNIT ( * ) SI_UNIT ( $, .STERADIAN. ) SOLID_ANGLE_UNIT ( ) );
#1759 = UNCERTAINTY_MEASURE_WITH_UNIT (LENGTH_MEASURE( 1.000000000000000100E-005 ), #1360, 'distance_accuracy_value', 'NONE');
#1760 = DIRECTION ( 'NONE',  ( 0.0000000000000000000, 0.0000000000000000000, 1.000000000000000000 ) ) ;
#1762 = UNCERTAINTY_MEASURE_WITH_UNIT (LENGTH_MEASURE( 1.000000000000000100E-005 ), #1380, 'distance_accuracy_value', 'NONE');
#1761 = CARTESIAN_POINT ( 'NONE',  ( 6.000000000000000000, 0.0000000000000000000, -6.000000000000000000 ) ) ;
#1763 = UNCERTAINTY_MEASURE_WITH_UNIT (LENGTH_MEASURE( 1.000000000000000100E-005 ), #1405, 'distance_accuracy_value', 'NONE');
#1764 = DIRECTION ( 'NONE',  ( 0.0000000000000000000, -1.000000000000000000, -0.0000000000000000000 ) ) ;
#1765 = DIRECTION ( 'NONE',  ( 0.0000000000000000000, 0.0000000000000000000, -1.000000000000000000 ) ) ;
#1766 = UNCERTAINTY_MEASURE_WITH_UNIT (LENGTH_MEASURE( 1.000000000000000100E-005 ), #1432, 'distance_accuracy_value', 'NONE');
#1767 = CARTESIAN_POINT ( 'NONE',  ( 6.000000000000000000, 0.0000000000000000000, -6.000000000000000000 ) ) ;
#1768 = UNCERTAINTY_MEASURE_WITH_UNIT (LENGTH_MEASURE( 1.000000000000000100E-005 ), #1502, 'distance_accuracy_value', 'NONE');
#1769 = DIRECTION ( 'NONE',  ( 0.0000000000000000000, -1.000000000000000000, -0.0000000000000000000 ) ) ;
#1770 = CARTESIAN_POINT ( 'NONE',  ( -1.529999999999999100, -3.249999999999999600, -10.61500000000004300 ) ) ;
#1771 = UNCERTAINTY_MEASURE_WITH_UNIT (LENGTH_MEASURE( 1.000000000000000100E-005 ), #1517, 'distance_accuracy_value', 'NONE');
#1772 = CARTESIAN_POINT ( 'NONE',  ( 5.575000000000002000, -1.749999999999999800, -4.877781215626827200 ) ) ;
#1773 = CARTESIAN_POINT ( 'NONE',  ( 0.5100000000000009000, -3.249999999999999600, -10.61500000000002700 ) ) ;
#1774 = UNCERTAINTY_MEASURE_WITH_UNIT (LENGTH_MEASURE( 1.000000000000000100E-005 ), #1530, 'distance_accuracy_value', 'NONE');
#1775 = CARTESIAN_POINT ( 'NONE',  ( 1.530000000000000900, 0.5000000000000000000, -8.525000000000016300 ) ) ;
#1777 = UNCERTAINTY_MEASURE_WITH_UNIT (LENGTH_MEASURE( 1.000000000000000100E-005 ), #1633, 'distance_accuracy_value', 'NONE');
#1776 = CARTESIAN_POINT ( 'NONE',  ( -6.000000000000000000, 0.0000000000000000000, -7.074999999999999300 ) ) ;
#1778 = CARTESIAN_POINT ( 'NONE',  ( 4.935516557197812100, 0.0000000000000000000, -6.149999999999999500 ) ) ;
#1779 = UNCERTAINTY_MEASURE_WITH_UNIT (LENGTH_MEASURE( 1.000000000000000100E-005 ), #1683, 'distance_accuracy_value', 'NONE');
#1780 = CARTESIAN_POINT ( 'NONE',  ( 5.575000000000002000, -1.700000000000000000, -5.012579117093425300 ) ) ;
#1781 = CARTESIAN_POINT ( 'NONE',  ( 4.940000000000002200, 0.5000000000000000000, -11.50000000000000000 ) ) ;
#1782 = UNCERTAINTY_MEASURE_WITH_UNIT (LENGTH_MEASURE( 1.000000000000000100E-005 ), #1708, 'distance_accuracy_value', 'NONE');
#1783 = CARTESIAN_POINT ( 'NONE',  ( 4.940000000000001300, 0.5000000000000000000, -6.178955301681739300 ) ) ;
#1784 = CARTESIAN_POINT ( 'NONE',  ( 5.575000000000002000, -1.700000000000000000, -7.122218784373171900 ) ) ;
#1785 = UNCERTAINTY_MEASURE_WITH_UNIT (LENGTH_MEASURE( 1.000000000000000100E-005 ), #1733, 'distance_accuracy_value', 'NONE');
#1786 = CARTESIAN_POINT ( 'NONE',  ( 5.575000000000002800, -3.200000000000000200, -6.905193349511584700 ) ) ;
#1787 = CARTESIAN_POINT ( 'NONE',  ( 0.5100000000000009000, -3.249999999999999600, -11.06500000000002600 ) ) ;
#1788 = UNCERTAINTY_MEASURE_WITH_UNIT (LENGTH_MEASURE( 1.000000000000000100E-005 ), #1755, 'distance_accuracy_value', 'NONE');
#1789 = CARTESIAN_POINT ( 'NONE',  ( -4.940000000000002200, 2.514883090955384500E-021, -5.821044698318255300 ) ) ;
#1790 = CARTESIAN_POINT ( 'NONE',  ( 6.425000000000001600, -1.700000000000000000, -4.877781215626829000 ) ) ;
#1791 = UNCERTAINTY_MEASURE_WITH_UNIT (LENGTH_MEASURE( 1.000000000000000100E-005 ), #1943, 'distance_accuracy_value', 'NONE');
#1792 = CARTESIAN_POINT ( 'NONE',  ( 5.575000000000002000, -1.700000000000000000, -6.987420882906575600 ) ) ;
#1794 = CARTESIAN_POINT ( 'NONE',  ( 0.5100000000000009000, 0.5000000000000000000, -10.61500000000002700 ) ) ;
#1793 = ADVANCED_BREP_SHAPE_REPRESENTATION ( 'GLX-N-64M_rA6', ( #1083, #724 ), #716 ) ;
#1795 = CARTESIAN_POINT ( 'NONE',  ( 6.000000000000000000, 0.0000000000000000000, -7.074999999999999300 ) ) ;
#1796 = UNCERTAINTY_MEASURE_WITH_UNIT (LENGTH_MEASURE( 1.000000000000000100E-005 ), #1951, 'distance_accuracy_value', 'NONE');
#1797 = CARTESIAN_POINT ( 'NONE',  ( -6.000000000000000000, 3.673419846319648500E-037, -4.925000000000000700 ) ) ;
#1798 = CARTESIAN_POINT ( 'NONE',  ( 1.530000000000000900, -3.249999999999999600, -8.075000000000017100 ) ) ;
#1799 = CARTESIAN_POINT ( 'NONE',  ( -1.529999999999999100, 0.5000000000000000000, -10.61500000000004300 ) ) ;
#1800 = CARTESIAN_POINT ( 'NONE',  ( 0.5100000000000009000, 0.5000000000000000000, -11.06500000000002600 ) ) ;
#1801 = CARTESIAN_POINT ( 'NONE',  ( -4.935516557197812100, 0.5000000000000000000, -5.849999999999999600 ) ) ;
#1802 = CARTESIAN_POINT ( 'NONE',  ( 1.530000000000000900, -3.249999999999999600, -8.525000000000016300 ) ) ;
#1803 = CARTESIAN_POINT ( 'NONE',  ( -1.529999999999999100, -3.249999999999999600, -11.06500000000004200 ) ) ;
#1804 = CARTESIAN_POINT ( 'NONE',  ( -1.529999999999999100, 0.5000000000000000000, -11.06500000000004200 ) ) ;
#1805 = CARTESIAN_POINT ( 'NONE',  ( -4.940000000000001300, 0.0000000000000000000, -6.178955301681739300 ) ) ;
#1806 = CARTESIAN_POINT ( 'NONE',  ( -4.940000000000001300, 0.5000000000000000000, -6.178955301681739300 ) ) ;
#1807 = CARTESIAN_POINT ( 'NONE',  ( 6.424999999999999800, -0.9250000000000000400, -6.987420882906574700 ) ) ;
#1808 = CARTESIAN_POINT ( 'NONE',  ( -4.935516557197812100, 0.0000000000000000000, -5.849999999999999600 ) ) ;
#1809 = CARTESIAN_POINT ( 'NONE',  ( 6.000000000000000000, 3.673419846319648500E-037, -4.925000000000000700 ) ) ;
#1810 = CARTESIAN_POINT ( 'NONE',  ( -4.935516557197812100, 0.0000000000000000000, -6.149999999999999500 ) ) ;
#1811 = CARTESIAN_POINT ( 'NONE',  ( 6.099999999999999600, 0.0000000000000000000, -4.929661268569621900 ) ) ;
#1812 = CARTESIAN_POINT ( 'NONE',  ( -5.575000000000002000, -0.9250000000000000400, -5.012579117093425300 ) ) ;
#1813 = CARTESIAN_POINT ( 'NONE',  ( 6.425000000000001600, -1.700000000000000000, -5.012579117093426200 ) ) ;
#1814 = CARTESIAN_POINT ( 'NONE',  ( -4.935516557197812100, 0.5000000000000000000, -6.149999999999999500 ) ) ;
#1815 = CARTESIAN_POINT ( 'NONE',  ( -6.000000000000023100, -0.4999999999997607500, -7.075000000000094300 ) ) ;
#1816 = CARTESIAN_POINT ( 'NONE',  ( -5.575000000000002000, -0.9250000000000000400, -6.987420882906575600 ) ) ;
#1817 = CARTESIAN_POINT ( 'NONE',  ( -0.5099999999999991200, 0.5000000000000000000, -8.075000000000031300 ) ) ;
#1818 = CARTESIAN_POINT ( 'NONE',  ( -5.575000000000002000, -1.700000000000000000, -5.012579117093425300 ) ) ;
#1819 = CARTESIAN_POINT ( 'NONE',  ( -0.5099999999999991200, 0.5000000000000000000, -8.525000000000030600 ) ) ;
#1820 = CARTESIAN_POINT ( 'NONE',  ( -5.999999999999977800, -0.4999999999997607500, -4.924999999999905700 ) ) ;
#1821 = CARTESIAN_POINT ( 'NONE',  ( 6.425000000000001600, -1.700000000000000000, -6.987420882906573800 ) ) ;
#1822 = CARTESIAN_POINT ( 'NONE',  ( -5.575000000000002000, -1.700000000000000000, -6.987420882906575600 ) ) ;
#1823 = CARTESIAN_POINT ( 'NONE',  ( 6.000000000000023100, -0.4999999999997607500, -7.075000000000094300 ) ) ;
#1824 = CARTESIAN_POINT ( 'NONE',  ( 6.425000000000001600, -1.749999999999999800, -7.122218784373171000 ) ) ;
#1825 = CARTESIAN_POINT ( 'NONE',  ( 5.575000000000002000, -0.9250000000000000400, -6.987420882906575600 ) ) ;
#1826 = CARTESIAN_POINT ( 'NONE',  ( 5.999999999999977800, -0.4999999999997607500, -4.924999999999905700 ) ) ;
#1827 = CARTESIAN_POINT ( 'NONE',  ( 4.935516557197812100, 0.5000000000000000000, -5.849999999999999600 ) ) ;
#1828 = CARTESIAN_POINT ( 'NONE',  ( -4.940000000000001300, 0.5000000000000004400, -11.50000000000000000 ) ) ;
#1829 = CARTESIAN_POINT ( 'NONE',  ( 4.935516557197812100, 0.0000000000000000000, -5.849999999999999600 ) ) ;
#1830 = CARTESIAN_POINT ( 'NONE',  ( -4.940000000000001300, 0.5000000000000000000, -5.821044698318259800 ) ) ;
#1831 = CARTESIAN_POINT ( 'NONE',  ( 4.940000000000001300, 0.0000000000000000000, -0.5000000000000000000 ) ) ;
#1832 = CARTESIAN_POINT ( 'NONE',  ( -5.575000000000002000, -1.749999999999999800, -7.122218784373172800 ) ) ;
#1833 = CARTESIAN_POINT ( 'NONE',  ( 6.099999999999999600, 1.574999999999988400, -7.070338731430382500 ) ) ;
#1834 = CARTESIAN_POINT ( 'NONE',  ( -5.575000000000002000, -1.700000000000000000, -4.877781215626828100 ) ) ;
#1835 = CARTESIAN_POINT ( 'NONE',  ( 5.099999999999999600, 2.879999999999999000, -11.50000000000000200 ) ) ;
#1836 = CARTESIAN_POINT ( 'NONE',  ( 5.575000000000002000, -0.9250000000000000400, -5.012579117093425300 ) ) ;
#1837 = CARTESIAN_POINT ( 'NONE',  ( 6.099999999999999600, 1.574999999999988400, -4.929661268569618400 ) ) ;
#1838 = CARTESIAN_POINT ( 'NONE',  ( -3.100000000000000100, 2.969999999999998400, -2.000000000000000000 ) ) ;
#1839 = CARTESIAN_POINT ( 'NONE',  ( -3.375000000000000400, 12.05000000000000200, -11.35000000000000000 ) ) ;
#1840 = CARTESIAN_POINT ( 'NONE',  ( -5.575000000000002000, -1.700000000000000000, -7.122218784373171900 ) ) ;
#1841 = CARTESIAN_POINT ( 'NONE',  ( -5.575000000000002000, -1.749999999999999800, -4.877781215626827200 ) ) ;
#1842 = CARTESIAN_POINT ( 'NONE',  ( -5.575000000000002800, -3.200000000000000200, -6.905193349511584700 ) ) ;
#1843 = CARTESIAN_POINT ( 'NONE',  ( -5.575000000000002800, -3.200000000000000200, -5.094806650488415300 ) ) ;
#1844 = CARTESIAN_POINT ( 'NONE',  ( 5.099999999999999600, 12.05000000000000200, -3.000000000000000900 ) ) ;
#1845 = CARTESIAN_POINT ( 'NONE',  ( -6.424999999999999800, -0.9250000000000000400, -5.012579117093426200 ) ) ;
#1846 = CARTESIAN_POINT ( 'NONE',  ( -5.099999999999999600, 12.05000000000000200, -2.999999999999997300 ) ) ;
#1847 = CARTESIAN_POINT ( 'NONE',  ( -6.424999999999999800, -0.9250000000000000400, -6.987420882906574700 ) ) ;
#1848 = CARTESIAN_POINT ( 'NONE',  ( -3.375000000000000400, 10.42000000000000000, -11.35000000000000000 ) ) ;
#1849 = CARTESIAN_POINT ( 'NONE',  ( -3.375000000000000400, 10.42000000000000000, -0.5000000000000004400 ) ) ;
#1850 = CARTESIAN_POINT ( 'NONE',  ( 3.375000000000000400, 12.05000000000000200, -11.35000000000000000 ) ) ;
#1851 = CARTESIAN_POINT ( 'NONE',  ( 3.375000000000000400, 10.42000000000000000, -11.35000000000000000 ) ) ;
#1852 = CARTESIAN_POINT ( 'NONE',  ( 3.375000000000000400, 10.42000000000000000, -0.5000000000000004400 ) ) ;
#1853 = CARTESIAN_POINT ( 'NONE',  ( -3.100000000000000500, 3.469999999999998400, -2.500000000000000400 ) ) ;
#1854 = CARTESIAN_POINT ( 'NONE',  ( 3.100000000000000500, 3.469999999999998400, -2.500000000000000400 ) ) ;
#1855 = CARTESIAN_POINT ( 'NONE',  ( 3.100000000000000500, 3.469999999999998400, -4.200000000000000200 ) ) ;
#1856 = CARTESIAN_POINT ( 'NONE',  ( 3.100000000000000100, 2.969999999999998400, -2.000000000000000000 ) ) ;
#1857 = CARTESIAN_POINT ( 'NONE',  ( -3.375000000000000400, 12.05000000000000200, -0.5000000000000004400 ) ) ;
#1858 = CARTESIAN_POINT ( 'NONE',  ( -3.375000000000000400, 12.05000000000000200, -3.000000000000000900 ) ) ;
#1859 = CARTESIAN_POINT ( 'NONE',  ( -2.100000000000000100, 12.05000000000000200, -3.000000000000000900 ) ) ;
#1860 = CARTESIAN_POINT ( 'NONE',  ( -3.100000000000000500, 3.469999999999998400, -4.200000000000000200 ) ) ;
#1861 = CARTESIAN_POINT ( 'NONE',  ( -5.099999999999999600, 2.879999999999999000, -11.50000000000000200 ) ) ;
#1862 = CARTESIAN_POINT ( 'NONE',  ( 2.100000000000000100, 14.00000000000000200, -0.5000000000000001100 ) ) ;
#1863 = CARTESIAN_POINT ( 'NONE',  ( 3.375000000000000400, 12.05000000000000200, -0.5000000000000004400 ) ) ;
#1864 = CARTESIAN_POINT ( 'NONE',  ( 2.100000000000000100, 12.05000000000000200, -0.5000000000000004400 ) ) ;
#1865 = CARTESIAN_POINT ( 'NONE',  ( -5.099999999999999600, 2.879999999999999000, -13.00000000000000000 ) ) ;
#1866 = CARTESIAN_POINT ( 'NONE',  ( -2.100000000000000100, 12.05000000000000200, -0.5000000000000004400 ) ) ;
#1867 = CARTESIAN_POINT ( 'NONE',  ( 3.375000000000000400, 12.05000000000000200, -3.000000000000000900 ) ) ;
#1868 = CARTESIAN_POINT ( 'NONE',  ( -2.100000000000000100, 14.00000000000000200, -0.5000000000000004400 ) ) ;
#1869 = CARTESIAN_POINT ( 'NONE',  ( 5.099999999999999600, 2.879999999999999000, -13.00000000000000000 ) ) ;
#1870 = CARTESIAN_POINT ( 'NONE',  ( 5.599999999999998800, 14.50000000000000000, -13.00000000000000000 ) ) ;
#1871 = CARTESIAN_POINT ( 'NONE',  ( -5.099999999999999600, 12.05000000000000200, -13.00000000000000000 ) ) ;
#1872 = CARTESIAN_POINT ( 'NONE',  ( -5.100000000000000500, 13.50000000000000200, -13.00000000000000000 ) ) ;
#1873 = CARTESIAN_POINT ( 'NONE',  ( 5.100000000000000500, 12.05000000000000200, -13.00000000000000000 ) ) ;
#1874 = CARTESIAN_POINT ( 'NONE',  ( -2.100000000000000100, 13.50000000000000200, -3.000000000000000900 ) ) ;
#1875 = CARTESIAN_POINT ( 'NONE',  ( -5.100000000000000500, 13.50000000000000200, -3.000000000000000900 ) ) ;
#1876 = CARTESIAN_POINT ( 'NONE',  ( 5.099999999999998800, 13.50000000000000200, -13.00000000000000000 ) ) ;
#1877 = CARTESIAN_POINT ( 'NONE',  ( -2.600000000000000500, 12.55000000000000200, 0.0000000000000000000 ) ) ;
#1878 = CARTESIAN_POINT ( 'NONE',  ( -3.875000000000000400, 12.55000000000000200, 0.0000000000000000000 ) ) ;
#1879 = CARTESIAN_POINT ( 'NONE',  ( -3.875000000000000400, 10.92000000000000200, 0.0000000000000000000 ) ) ;
#1880 = CARTESIAN_POINT ( 'NONE',  ( 5.099999999999998800, 13.50000000000000200, -3.000000000000000900 ) ) ;
#1881 = CARTESIAN_POINT ( 'NONE',  ( -5.599999999999998800, 14.50000000000000000, 0.0000000000000000000 ) ) ;
#1882 = CARTESIAN_POINT ( 'NONE',  ( -5.599999999999998800, 14.50000000000000000, -13.00000000000000000 ) ) ;
#1883 = CARTESIAN_POINT ( 'NONE',  ( 5.440000000000000400, 10.92000000000000200, 0.0000000000000000000 ) ) ;
#1884 = CARTESIAN_POINT ( 'NONE',  ( 3.875000000000000000, 10.92000000000000200, 0.0000000000000000000 ) ) ;
#1885 = CARTESIAN_POINT ( 'NONE',  ( 3.875000000000000000, 12.55000000000000200, 0.0000000000000000000 ) ) ;
#1886 = CARTESIAN_POINT ( 'NONE',  ( 2.600000000000000100, 12.55000000000000200, 0.0000000000000000000 ) ) ;
#1887 = CARTESIAN_POINT ( 'NONE',  ( -5.440000000000001300, 10.92000000000000200, 0.0000000000000000000 ) ) ;
#1888 = CARTESIAN_POINT ( 'NONE',  ( 2.100000000000000100, 12.05000000000000200, -3.000000000000000900 ) ) ;
#1889 = CARTESIAN_POINT ( 'NONE',  ( -4.940000000000001300, 10.42000000000000000, -0.5000000000000004400 ) ) ;
#1890 = CARTESIAN_POINT ( 'NONE',  ( 5.599999999999998800, 14.50000000000000000, 0.0000000000000000000 ) ) ;
#1891 = CARTESIAN_POINT ( 'NONE',  ( -2.600000000000000500, 14.10000000000000100, 0.0000000000000000000 ) ) ;
#1892 = CARTESIAN_POINT ( 'NONE',  ( -4.940000000000002200, 3.469999999999998400, -2.500000000000000400 ) ) ;
#1893 = CARTESIAN_POINT ( 'NONE',  ( -4.940000000000001300, 10.42000000000000000, -11.35000000000000000 ) ) ;
#1894 = CARTESIAN_POINT ( 'NONE',  ( -6.099999999999999600, 13.99999999999999600, -13.00000000000000000 ) ) ;
#1895 = CARTESIAN_POINT ( 'NONE',  ( 2.600000000000000100, 14.10000000000000100, 0.0000000000000000000 ) ) ;
#1896 = CARTESIAN_POINT ( 'NONE',  ( -6.099999999999999600, 1.574999999999988400, -4.929661268569618400 ) ) ;
#1897 = CARTESIAN_POINT ( 'NONE',  ( -4.940000000000002200, 2.969999999999998400, -2.000000000000000000 ) ) ;
#1898 = CARTESIAN_POINT ( 'NONE',  ( -6.099999999999999600, 1.574999999999988400, -7.070338731430382500 ) ) ;
#1899 = CARTESIAN_POINT ( 'NONE',  ( -5.099999999999998800, 0.0000000000000000000, -13.00000000000000000 ) ) ;
#1900 = CARTESIAN_POINT ( 'NONE',  ( -6.099999999999999600, 13.99999999999999600, 0.0000000000000000000 ) ) ;
#1901 = CARTESIAN_POINT ( 'NONE',  ( -6.099999999999999600, 0.0000000000000000000, -13.00000000000000000 ) ) ;
#1902 = CARTESIAN_POINT ( 'NONE',  ( -6.099999999999999600, 0.0000000000000000000, -7.070338731430382500 ) ) ;
#1903 = CARTESIAN_POINT ( 'NONE',  ( -5.440000000000002200, 0.0000000000000000000, 0.0000000000000000000 ) ) ;
#1904 = CARTESIAN_POINT ( 'NONE',  ( -5.099999999999998800, 0.0000000000000000000, -11.50000000000000200 ) ) ;
#1905 = CARTESIAN_POINT ( 'NONE',  ( 2.100000000000000100, 13.50000000000000200, -3.000000000000000900 ) ) ;
#1906 = CARTESIAN_POINT ( 'NONE',  ( -6.099999999999999600, 0.0000000000000000000, -4.929661268569618400 ) ) ;
#1907 = CARTESIAN_POINT ( 'NONE',  ( -4.940000000000002200, 3.469999999999998400, -11.35000000000000000 ) ) ;
#1908 = CARTESIAN_POINT ( 'NONE',  ( -6.425000000000002500, -3.200000000000000200, -5.094806650488418000 ) ) ;
#1909 = CARTESIAN_POINT ( 'NONE',  ( -6.425000000000002500, -3.200000000000000200, -6.905193349511582000 ) ) ;
#1910 = CARTESIAN_POINT ( 'NONE',  ( -6.425000000000001600, -1.749999999999999800, -4.877781215626829000 ) ) ;
#1911 = CARTESIAN_POINT ( 'NONE',  ( -6.425000000000001600, -1.700000000000000000, -6.987420882906573800 ) ) ;
#1912 = CARTESIAN_POINT ( 'NONE',  ( -6.425000000000001600, -1.700000000000000000, -5.012579117093426200 ) ) ;
#1913 = CARTESIAN_POINT ( 'NONE',  ( -6.425000000000001600, -1.749999999999999800, -7.122218784373171000 ) ) ;
#1914 = CARTESIAN_POINT ( 'NONE',  ( -6.099999999999999600, 0.0000000000000000000, 0.0000000000000000000 ) ) ;
#1915 = CARTESIAN_POINT ( 'NONE',  ( 4.940000000000002200, 2.969999999999998400, -2.000000000000000000 ) ) ;
#1916 = CARTESIAN_POINT ( 'NONE',  ( 4.940000000000002200, 3.469999999999998400, -2.500000000000000400 ) ) ;
#1917 = CARTESIAN_POINT ( 'NONE',  ( 4.940000000000002200, 3.469999999999998400, -11.35000000000000000 ) ) ;
#1918 = CARTESIAN_POINT ( 'NONE',  ( -4.940000000000001300, 0.0000000000000000000, -0.5000000000000004400 ) ) ;
#1919 = CARTESIAN_POINT ( 'NONE',  ( 4.940000000000001300, 10.42000000000000000, -0.5000000000000004400 ) ) ;
#1920 = CARTESIAN_POINT ( 'NONE',  ( 6.099999999999999600, 13.99999999999999600, 0.0000000000000000000 ) ) ;
#1921 = CARTESIAN_POINT ( 'NONE',  ( 4.940000000000001300, 10.42000000000000000, -11.35000000000000000 ) ) ;
#1922 = CARTESIAN_POINT ( 'NONE',  ( -4.940000000000001300, 0.5000000000000000000, -2.000000000000000000 ) ) ;
#1923 = CARTESIAN_POINT ( 'NONE',  ( 6.099999999999999600, 13.99999999999999600, -13.00000000000000000 ) ) ;
#1924 = CARTESIAN_POINT ( 'NONE',  ( -3.100000000000000500, 0.5000000000000000000, -4.200000000000000200 ) ) ;
#1925 = CARTESIAN_POINT ( 'NONE',  ( 3.100000000000000500, 0.5000000000000000000, -4.200000000000000200 ) ) ;
#1926 = CARTESIAN_POINT ( 'NONE',  ( 3.100000000000000500, 0.5000000000000000000, -2.000000000000000000 ) ) ;
#1927 = CARTESIAN_POINT ( 'NONE',  ( -4.940000000000000400, 0.0000000000000000000, -11.50000000000000200 ) ) ;
#1928 = CARTESIAN_POINT ( 'NONE',  ( 5.100000000000000500, 0.0000000000000000000, -13.00000000000000000 ) ) ;
#1929 = CARTESIAN_POINT ( 'NONE',  ( -6.425000000000001600, -1.700000000000000000, -4.877781215626829000 ) ) ;
#1930 = CARTESIAN_POINT ( 'NONE',  ( -3.100000000000000500, 0.5000000000000000000, -2.000000000000000000 ) ) ;
#1931 = CARTESIAN_POINT ( 'NONE',  ( 4.940000000000001300, 0.5000000000000000000, -2.000000000000000000 ) ) ;
#1932 = CARTESIAN_POINT ( 'NONE',  ( 4.940000000000002200, 0.0000000000000000000, -11.50000000000000000 ) ) ;
#1933 = CARTESIAN_POINT ( 'NONE',  ( 6.099999999999999600, 0.0000000000000000000, -13.00000000000000000 ) ) ;
#1934 = CARTESIAN_POINT ( 'NONE',  ( 5.440000000000002200, 0.0000000000000000000, 0.0000000000000000000 ) ) ;
#1935 = CARTESIAN_POINT ( 'NONE',  ( 5.575000000000002800, -3.200000000000000200, -5.094806650488415300 ) ) ;
#1936 = CARTESIAN_POINT ( 'NONE',  ( 5.100000000000000500, 0.0000000000000000000, -11.50000000000000000 ) ) ;
#1937 = CARTESIAN_POINT ( 'NONE',  ( 6.099999999999999600, 0.0000000000000000000, 0.0000000000000000000 ) ) ;
#1938 = CARTESIAN_POINT ( 'NONE',  ( 6.425000000000002500, -3.200000000000000200, -5.094806650488418000 ) ) ;
#1939 = CARTESIAN_POINT ( 'NONE',  ( -6.425000000000001600, -1.700000000000000000, -7.122218784373171000 ) ) ;
#1940 = CARTESIAN_POINT ( 'NONE',  ( 5.575000000000002000, -1.749999999999999800, -7.122218784373172800 ) ) ;
#1941 = FILL_AREA_STYLE_COLOUR ( '', #764 ) ;
#1942 = CARTESIAN_POINT ( 'NONE',  ( 0.0000000000000000000, 0.0000000000000000000, 0.0000000000000000000 ) ) ;
#1943 =( LENGTH_UNIT ( ) NAMED_UNIT ( * ) SI_UNIT ( .MILLI., .METRE. ) );
#1944 =( NAMED_UNIT ( * ) PLANE_ANGLE_UNIT ( ) SI_UNIT ( $, .RADIAN. ) );
#1945 =( NAMED_UNIT ( * ) SI_UNIT ( $, .STERADIAN. ) SOLID_ANGLE_UNIT ( ) );
#1946 = APPLICATION_PROTOCOL_DEFINITION ( 'draft international standard', 'automotive_design', 1998, #1947 ) ;
#1947 = APPLICATION_CONTEXT ( 'automotive_design' ) ;
#1948 = FILL_AREA_STYLE ('',( #1941 ) ) ;
#1949 = SURFACE_SIDE_STYLE ('',( #765 ) ) ;
#1950 = SURFACE_STYLE_USAGE ( .BOTH. , #1949 ) ;
#1951 =( LENGTH_UNIT ( ) NAMED_UNIT ( * ) SI_UNIT ( .MILLI., .METRE. ) );
#1952 =( NAMED_UNIT ( * ) PLANE_ANGLE_UNIT ( ) SI_UNIT ( $, .RADIAN. ) );
#1953 =( NAMED_UNIT ( * ) SI_UNIT ( $, .STERADIAN. ) SOLID_ANGLE_UNIT ( ) );
#1954 = DIRECTION ( 'NONE',  ( 0.0000000000000000000, 0.0000000000000000000, 1.000000000000000000 ) ) ;
#1955 = DIRECTION ( 'NONE',  ( 1.000000000000000000, 0.0000000000000000000, 0.0000000000000000000 ) ) ;
#1956 = PRODUCT_CONTEXT ( 'NONE', #1947, 'mechanical' ) ;
#1957 = APPLICATION_CONTEXT ( 'automotive_design' ) ;
#1958 = APPLICATION_PROTOCOL_DEFINITION ( 'draft international standard', 'automotive_design', 1998, #1957 ) ;
#1959 = ORIENTED_EDGE ( 'NONE', *, *, #282, .T. ) ;
#1960 = ORIENTED_EDGE ( 'NONE', *, *, #498, .F. ) ;
#1961 = VERTEX_POINT ( 'NONE', #1300 ) ;
#1962 = ORIENTED_EDGE ( 'NONE', *, *, #278, .T. ) ;
#1963 = ORIENTED_EDGE ( 'NONE', *, *, #396, .F. ) ;
#1964 = ORIENTED_EDGE ( 'NONE', *, *, #435, .T. ) ;
#1965 = ORIENTED_EDGE ( 'NONE', *, *, #417, .F. ) ;
#1966 = ORIENTED_EDGE ( 'NONE', *, *, #418, .F. ) ;
#1967 = ORIENTED_EDGE ( 'NONE', *, *, #464, .F. ) ;
#1968 = ORIENTED_EDGE ( 'NONE', *, *, #499, .F. ) ;
#1969 = VERTEX_POINT ( 'NONE', #1309 ) ;
#1970 = ORIENTED_EDGE ( 'NONE', *, *, #465, .F. ) ;
#1971 = VERTEX_POINT ( 'NONE', #1298 ) ;
#1972 = VERTEX_POINT ( 'NONE', #1294 ) ;
#1973 = ORIENTED_EDGE ( 'NONE', *, *, #475, .T. ) ;
#1974 = ORIENTED_EDGE ( 'NONE', *, *, #284, .T. ) ;
#1975 = ORIENTED_EDGE ( 'NONE', *, *, #281, .F. ) ;
#1976 = ORIENTED_EDGE ( 'NONE', *, *, #279, .T. ) ;
#1977 = ORIENTED_EDGE ( 'NONE', *, *, #277, .T. ) ;
#1978 = VERTEX_POINT ( 'NONE', #1312 ) ;
#1979 = ORIENTED_EDGE ( 'NONE', *, *, #281, .T. ) ;
#1980 = ORIENTED_EDGE ( 'NONE', *, *, #276, .T. ) ;
#1981 = ORIENTED_EDGE ( 'NONE', *, *, #505, .F. ) ;
#1982 = ORIENTED_EDGE ( 'NONE', *, *, #276, .F. ) ;
#1983 = ORIENTED_EDGE ( 'NONE', *, *, #415, .F. ) ;
#1984 = ORIENTED_EDGE ( 'NONE', *, *, #478, .F. ) ;
#1985 = ORIENTED_EDGE ( 'NONE', *, *, #455, .F. ) ;
#1986 = ORIENTED_EDGE ( 'NONE', *, *, #387, .F. ) ;
#1987 = ORIENTED_EDGE ( 'NONE', *, *, #390, .F. ) ;
#1988 = ORIENTED_EDGE ( 'NONE', *, *, #283, .T. ) ;
#1989 = ORIENTED_EDGE ( 'NONE', *, *, #280, .T. ) ;
#1990 = ORIENTED_EDGE ( 'NONE', *, *, #453, .F. ) ;
#1991 = ORIENTED_EDGE ( 'NONE', *, *, #369, .F. ) ;
#1992 = ORIENTED_EDGE ( 'NONE', *, *, #364, .F. ) ;
#1993 = ADVANCED_FACE ( 'NONE', ( #3228 ), #1313, .F. ) ;
#1994 = ADVANCED_FACE ( 'NONE', ( #3227 ), #1311, .F. ) ;
#1995 = ADVANCED_FACE ( 'NONE', ( #3230 ), #1316, .T. ) ;
#1996 = ADVANCED_FACE ( 'NONE', ( #3231 ), #1320, .T. ) ;
#1997 = ADVANCED_FACE ( 'NONE', ( #3232 ), #1324, .F. ) ;
#1998 = ADVANCED_FACE ( 'NONE', ( #3233 ), #1328, .T. ) ;
#1999 = ADVANCED_FACE ( 'NONE', ( #3234 ), #1332, .T. ) ;
#2000 = ADVANCED_FACE ( 'NONE', ( #3235 ), #3238, .T. ) ;
#2001 = ADVANCED_FACE ( 'NONE', ( #3229 ), #3240, .T. ) ;
#2002 = ADVANCED_FACE ( 'NONE', ( #3237 ), #3243, .T. ) ;
#2003 = ADVANCED_FACE ( 'NONE', ( #3239 ), #3226, .T. ) ;
#2004 = ADVANCED_FACE ( 'NONE', ( #3242 ), #3246, .T. ) ;
#2005 = ADVANCED_FACE ( 'NONE', ( #3241 ), #3251, .T. ) ;
#2006 = ADVANCED_FACE ( 'NONE', ( #3248 ), #3253, .T. ) ;
#2007 = ADVANCED_FACE ( 'NONE', ( #3250 ), #3255, .T. ) ;
#2008 = ADVANCED_FACE ( 'NONE', ( #3252 ), #1371, .T. ) ;
#2009 = ADVANCED_FACE ( 'NONE', ( #3247 ), #1370, .T. ) ;
#2010 = ADVANCED_FACE ( 'NONE', ( #3257 ), #1375, .T. ) ;
#2011 = ADVANCED_FACE ( 'NONE', ( #3260 ), #1386, .F. ) ;
#2012 = ADVANCED_FACE ( 'NONE', ( #3261 ), #3264, .T. ) ;
#2013 = ADVANCED_FACE ( 'NONE', ( #3259 ), #3266, .T. ) ;
#2014 = ADVANCED_FACE ( 'NONE', ( #3263 ), #1400, .T. ) ;
#2015 = ADVANCED_FACE ( 'NONE', ( #3267 ), #1399, .T. ) ;
#2016 = ADVANCED_FACE ( 'NONE', ( #3270 ), #1411, .T. ) ;
#2017 = ADVANCED_FACE ( 'NONE', ( #3271 ), #1415, .T. ) ;
#2018 = ADVANCED_FACE ( 'NONE', ( #3272 ), #1419, .T. ) ;
#2019 = ADVANCED_FACE ( 'NONE', ( #3273 ), #3279, .T. ) ;
#2020 = ADVANCED_FACE ( 'NONE', ( #3276 ), #3281, .T. ) ;
#2021 = ADVANCED_FACE ( 'NONE', ( #3278 ), #3283, .T. ) ;
#2022 = ADVANCED_FACE ( 'NONE', ( #3280 ), #3285, .F. ) ;
#2023 = ADVANCED_FACE ( 'NONE', ( #3282 ), #1446, .T. ) ;
#2024 = ADVANCED_FACE ( 'NONE', ( #3275 ), #1445, .T. ) ;
#2025 = ADVANCED_FACE ( 'NONE', ( #3286 ), #1450, .T. ) ;
#2026 = ADVANCED_FACE ( 'NONE', ( #3287 ), #1454, .T. ) ;
#2027 = ADVANCED_FACE ( 'NONE', ( #3288 ), #1458, .F. ) ;
#2028 = ADVANCED_FACE ( 'NONE', ( #3289 ), #1462, .F. ) ;
#2029 = ADVANCED_FACE ( 'NONE', ( #3290 ), #3293, .T. ) ;
#2030 = ADVANCED_FACE ( 'NONE', ( #3284 ), #1473, .T. ) ;
#2031 = ADVANCED_FACE ( 'NONE', ( #3291 ), #1472, .F. ) ;
#2032 = ADVANCED_FACE ( 'NONE', ( #3294 ), #1477, .F. ) ;
#2033 = ADVANCED_FACE ( 'NONE', ( #3295 ), #1481, .F. ) ;
#2034 = ADVANCED_FACE ( 'NONE', ( #3296 ), #1485, .F. ) ;
#2035 = ADVANCED_FACE ( 'NONE', ( #3297 ), #1489, .F. ) ;
#2036 = ADVANCED_FACE ( 'NONE', ( #3298 ), #1493, .T. ) ;
#2037 = ADVANCED_FACE ( 'NONE', ( #3300 ), #1497, .T. ) ;
#2038 = ADVANCED_FACE ( 'NONE', ( #3303 ), #3309, .T. ) ;
#2039 = ADVANCED_FACE ( 'NONE', ( #3306 ), #3311, .T. ) ;
#2040 = ADVANCED_FACE ( 'NONE', ( #3308 ), #3316, .T. ) ;
#2041 = ADVANCED_FACE ( 'NONE', ( #3313 ), #1535, .T. ) ;
#2042 = ADVANCED_FACE ( 'NONE', ( #3312 ), #1534, .T. ) ;
#2043 = ADVANCED_FACE ( 'NONE', ( #3317 ), #1539, .T. ) ;
#2044 = ADVANCED_FACE ( 'NONE', ( #3318 ), #3321, .T. ) ;
#2045 = ADVANCED_FACE ( 'NONE', ( #3314 ), #3325, .T. ) ;
#2046 = ADVANCED_FACE ( 'NONE', ( #3320 ), #3315, .T. ) ;
#2047 = ADVANCED_FACE ( 'NONE', ( #3324 ), #1556, .F. ) ;
#2048 = ADVANCED_FACE ( 'NONE', ( #3319 ), #1555, .T. ) ;
#2049 = ADVANCED_FACE ( 'NONE', ( #3326, #3328 ), #1565, .T. ) ;
#2050 = ADVANCED_FACE ( 'NONE', ( #3327 ), #1564, .F. ) ;
#2051 = ADVANCED_FACE ( 'NONE', ( #3329 ), #1568, .T. ) ;
#2052 = ADVANCED_FACE ( 'NONE', ( #3330 ), #1572, .T. ) ;
#2053 = ADVANCED_FACE ( 'NONE', ( #3331 ), #1576, .T. ) ;
#2054 = ADVANCED_FACE ( 'NONE', ( #3332 ), #3335, .T. ) ;
#2055 = ADVANCED_FACE ( 'NONE', ( #3323 ), #3337, .T. ) ;
#2056 = ADVANCED_FACE ( 'NONE', ( #3334 ), #1590, .F. ) ;
#2057 = ADVANCED_FACE ( 'NONE', ( #3333 ), #1589, .T. ) ;
#2058 = ADVANCED_FACE ( 'NONE', ( #3338 ), #3341, .T. ) ;
#2059 = ADVANCED_FACE ( 'NONE', ( #3336 ), #3343, .F. ) ;
#2060 = ADVANCED_FACE ( 'NONE', ( #3340 ), #1604, .T. ) ;
#2061 = ADVANCED_FACE ( 'NONE', ( #3339 ), #1603, .F. ) ;
#2062 = ADVANCED_FACE ( 'NONE', ( #3344 ), #1608, .F. ) ;
#2063 = ADVANCED_FACE ( 'NONE', ( #3345 ), #1612, .T. ) ;
#2064 = ADVANCED_FACE ( 'NONE', ( #3346 ), #1616, .F. ) ;
#2065 = ADVANCED_FACE ( 'NONE', ( #3347 ), #1620, .F. ) ;
#2066 = ADVANCED_FACE ( 'NONE', ( #3348 ), #1624, .T. ) ;
#2067 = ADVANCED_FACE ( 'NONE', ( #3350 ), #1628, .T. ) ;
#2068 = ADVANCED_FACE ( 'NONE', ( #3353 ), #3356, .T. ) ;
#2069 = ADVANCED_FACE ( 'NONE', ( #3351 ), #3360, .T. ) ;
#2070 = ADVANCED_FACE ( 'NONE', ( #3355 ), #1649, .T. ) ;
#2071 = ADVANCED_FACE ( 'NONE', ( #3354 ), #3361, .T. ) ;
#2072 = ADVANCED_FACE ( 'NONE', ( #3358 ), #1656, .F. ) ;
#2073 = ADVANCED_FACE ( 'NONE', ( #3357, #3363, #3352, #3362, #3359 ), #1660, .T. ) ;
#2074 = ADVANCED_FACE ( 'NONE', ( #3364 ), #3368, .T. ) ;
#2075 = ADVANCED_FACE ( 'NONE', ( #3366 ), #1667, .F. ) ;
#2076 = ADVANCED_FACE ( 'NONE', ( #3367 ), #3373, .T. ) ;
#2077 = ADVANCED_FACE ( 'NONE', ( #3365 ), #1674, .T. ) ;
#2078 = ADVANCED_FACE ( 'NONE', ( #3369 ), #3378, .T. ) ;
#2079 = ADVANCED_FACE ( 'NONE', ( #3375 ), #3380, .T. ) ;
#2080 = ADVANCED_FACE ( 'NONE', ( #3377 ), #1691, .T. ) ;
#2081 = ADVANCED_FACE ( 'NONE', ( #3374 ), #1690, .F. ) ;
#2082 = ADVANCED_FACE ( 'NONE', ( #3381 ), #1695, .F. ) ;
#2083 = ADVANCED_FACE ( 'NONE', ( #3382 ), #749, .T. ) ;
#2084 = ADVANCED_FACE ( 'NONE', ( #746 ), #1714, .F. ) ;
#2085 = ADVANCED_FACE ( 'NONE', ( #745 ), #1713, .F. ) ;
#2086 = ADVANCED_FACE ( 'NONE', ( #750 ), #755, .T. ) ;
#2087 = ADVANCED_FACE ( 'NONE', ( #753 ), #758, .T. ) ;
#2088 = ADVANCED_FACE ( 'NONE', ( #754 ), #761, .T. ) ;
#2089 = ADVANCED_FACE ( 'NONE', ( #759 ), #762, .T. ) ;
#2090 = ADVANCED_FACE ( 'NONE', ( #760 ), #763, .T. ) ;
#2091 = CARTESIAN_POINT ( 'NONE',  ( 3.374999999999999600, 10.41999999999999800, -0.2071067811865479300 ) ) ;
#2092 = CARTESIAN_POINT ( 'NONE',  ( 2.307106781186547600, 12.25710678118654700, -1.263547543941434400E-016 ) ) ;
#2093 = CARTESIAN_POINT ( 'NONE',  ( 2.100000000000000100, 12.05000000000000100, -0.2071067811865475700 ) ) ;
#2094 = CARTESIAN_POINT ( 'NONE',  ( -6.424999999999999800, -0.9250000000000000400, -6.987420882906574700 ) ) ;
#2095 = CARTESIAN_POINT ( 'NONE',  ( -6.424999999999999800, -0.8115204032831021500, -6.987420882906575600 ) ) ;
#2096 = CARTESIAN_POINT ( 'NONE',  ( -6.378389803798963700, -0.7024294928466390300, -7.009454416758142500 ) ) ;
#2097 = CARTESIAN_POINT ( 'NONE',  ( -6.000000000000023100, -0.4999999999997607500, -7.075000000000094300 ) ) ;
#2098 = DIRECTION ( 'NONE',  ( 0.0000000000000000000, 0.0000000000000000000, -1.000000000000000000 ) ) ;
#2099 = CARTESIAN_POINT ( 'NONE',  ( 3.375000000000000400, 10.42000000000000000, -0.5000000000000004400 ) ) ;
#2100 = CARTESIAN_POINT ( 'NONE',  ( -4.940000000000000400, 10.42000000000000000, -0.2071067811865480400 ) ) ;
#2101 = DIRECTION ( 'NONE',  ( -0.0000000000000000000, -1.000000000000000000, -0.0000000000000000000 ) ) ;
#2102 = CARTESIAN_POINT ( 'NONE',  ( -2.600000000000000500, 12.55000000000000200, 0.0000000000000000000 ) ) ;
#2103 = CARTESIAN_POINT ( 'NONE',  ( -6.222961520598336600, -0.5468404640816240100, -7.054734669698507200 ) ) ;
#2104 = CARTESIAN_POINT ( 'NONE',  ( -5.099999999999998800, -1.535953077687798100E-015, -11.50000000000000200 ) ) ;
#2105 = CARTESIAN_POINT ( 'NONE',  ( -6.378035796353273700, -0.7019455121970730200, -4.990421989381324900 ) ) ;
#2106 = CARTESIAN_POINT ( 'NONE',  ( -3.875000000000000400, 10.92000000000000200, 0.0000000000000000000 ) ) ;
#2107 = DIRECTION ( 'NONE',  ( 3.011672701348623500E-016, -1.000000000000000000, 0.0000000000000000000 ) ) ;
#2108 = CARTESIAN_POINT ( 'NONE',  ( 3.374999999999999600, 12.05000000000000200, -0.2071067811865479300 ) ) ;
#2109 = CARTESIAN_POINT ( 'NONE',  ( -3.375000000000000400, 10.42000000000000000, -0.5000000000000004400 ) ) ;
#2110 = CARTESIAN_POINT ( 'NONE',  ( 3.875000000000000000, 10.92000000000000200, 0.0000000000000000000 ) ) ;
#2111 = CARTESIAN_POINT ( 'NONE',  ( -6.425000000000001600, 1.620346103934385300E-016, -5.012579117093426200 ) ) ;
#2112 = DIRECTION ( 'NONE',  ( 0.0000000000000000000, 1.000000000000000000, 0.0000000000000000000 ) ) ;
#2113 = CARTESIAN_POINT ( 'NONE',  ( 6.425000000000002500, -3.200000000000000200, -6.000000000000000000 ) ) ;
#2114 = CARTESIAN_POINT ( 'NONE',  ( -6.424999999999999800, -0.9250000000000000400, -5.012579117093426200 ) ) ;
#2115 = CARTESIAN_POINT ( 'NONE',  ( 3.375000000000000400, 12.05000000000000200, -0.5000000000000004400 ) ) ;
#2116 = CARTESIAN_POINT ( 'NONE',  ( -2.100000000000000100, 12.05000000000000200, -0.5000000000000004400 ) ) ;
#2117 = CARTESIAN_POINT ( 'NONE',  ( 2.307106781186547600, 14.10000000000000000, 2.168404344971008900E-016 ) ) ;
#2118 = CARTESIAN_POINT ( 'NONE',  ( -3.875000000000000400, 12.55000000000000200, 0.0000000000000000000 ) ) ;
#2119 = CARTESIAN_POINT ( 'NONE',  ( -2.307106781186548000, 12.25710678118654700, -5.241665490971592700E-016 ) ) ;
#2120 = CARTESIAN_POINT ( 'NONE',  ( -2.600000000000000500, 14.10000000000000100, 0.0000000000000000000 ) ) ;
#2121 = CARTESIAN_POINT ( 'NONE',  ( 2.100000000000000100, 14.05857864376269500, -0.2071067811865474900 ) ) ;
#2122 = CARTESIAN_POINT ( 'NONE',  ( -6.112127505735062800, -0.5000000000000117700, -7.074999999999995700 ) ) ;
#2123 = CARTESIAN_POINT ( 'NONE',  ( -3.582106781186547000, 12.25710678118654700, -4.882974748059732800E-016 ) ) ;
#2124 = CARTESIAN_POINT ( 'NONE',  ( -6.000000000000000000, 1.574999999999988400, -6.000000000000000000 ) ) ;
#2125 = CARTESIAN_POINT ( 'NONE',  ( -6.424999999999999800, -0.8113714413492662000, -5.012579117093426200 ) ) ;
#2126 = CARTESIAN_POINT ( 'NONE',  ( -6.425000000000001600, 1.620346103934385300E-016, -6.987420882906573800 ) ) ;
#2127 = CARTESIAN_POINT ( 'NONE',  ( -2.100000000000000500, 14.05857864376269200, -0.2071067811865474300 ) ) ;
#2128 = DIRECTION ( 'NONE',  ( -0.0000000000000000000, -1.000000000000000000, -0.0000000000000000000 ) ) ;
#2129 = CARTESIAN_POINT ( 'NONE',  ( -2.100000000000000100, 14.00000000000000200, -0.5000000000000004400 ) ) ;
#2130 = CARTESIAN_POINT ( 'NONE',  ( 4.940000000000000400, 10.41999999999999800, -0.2071067811865479300 ) ) ;
#2131 = CARTESIAN_POINT ( 'NONE',  ( 2.600000000000000100, 14.10000000000000100, 0.0000000000000000000 ) ) ;
#2132 = CARTESIAN_POINT ( 'NONE',  ( 5.147106781186547400, 10.62710678118654800, -1.622238286853294300E-016 ) ) ;
#2133 = CARTESIAN_POINT ( 'NONE',  ( 2.100000000000000100, 14.00000000000000200, -0.5000000000000001100 ) ) ;
#2134 = CARTESIAN_POINT ( 'NONE',  ( 5.100000000000000500, 1.535953077687798100E-015, -11.50000000000000200 ) ) ;
#2135 = CARTESIAN_POINT ( 'NONE',  ( 3.582106781186548300, 10.62710678118654800, -1.622238286853294300E-016 ) ) ;
#2136 = DIRECTION ( 'NONE',  ( -3.011672701348624500E-016, 1.000000000000000000, 0.0000000000000000000 ) ) ;
#2137 = CARTESIAN_POINT ( 'NONE',  ( 5.440000000000000400, 10.92000000000000200, 0.0000000000000000000 ) ) ;
#2138 = CARTESIAN_POINT ( 'NONE',  ( 3.582106781186548300, 12.25710678118654900, -1.622238286853294300E-016 ) ) ;
#2139 = CARTESIAN_POINT ( 'NONE',  ( 4.940000000000001300, 10.42000000000000000, -0.5000000000000004400 ) ) ;
#2140 = CARTESIAN_POINT ( 'NONE',  ( -3.375000000000000400, 10.42000000000000000, -0.2071067811865480400 ) ) ;
#2141 = CARTESIAN_POINT ( 'NONE',  ( -3.375000000000000400, 12.05000000000000100, -0.2071067811865480400 ) ) ;
#2142 = CARTESIAN_POINT ( 'NONE',  ( -5.440000000000001300, 10.92000000000000200, 0.0000000000000000000 ) ) ;
#2143 = CARTESIAN_POINT ( 'NONE',  ( -5.147106781186547400, 10.62710678118654800, -4.882974748059732800E-016 ) ) ;
#2144 = CARTESIAN_POINT ( 'NONE',  ( -4.940000000000001300, 10.42000000000000000, -0.5000000000000004400 ) ) ;
#2145 = CARTESIAN_POINT ( 'NONE',  ( 2.100000000000000100, 12.05000000000000200, -0.5000000000000004400 ) ) ;
#2146 = CARTESIAN_POINT ( 'NONE',  ( 3.875000000000000000, 12.55000000000000200, 0.0000000000000000000 ) ) ;
#2147 = CARTESIAN_POINT ( 'NONE',  ( 2.600000000000000100, 12.55000000000000200, 0.0000000000000000000 ) ) ;
#2148 = CARTESIAN_POINT ( 'NONE',  ( -3.582106781186547000, 10.62710678118654800, -4.882974748059732800E-016 ) ) ;
#2149 = CARTESIAN_POINT ( 'NONE',  ( -2.100000000000000100, 12.05000000000000100, -0.2071067811865479300 ) ) ;
#2150 = CARTESIAN_POINT ( 'NONE',  ( -3.375000000000000400, 12.05000000000000200, -0.5000000000000004400 ) ) ;
#2151 = CARTESIAN_POINT ( 'NONE',  ( -2.307106781186548000, 14.10000000000000000, -1.809713602059149200E-016 ) ) ;
#2152 = DIRECTION ( 'NONE',  ( 0.0000000000000000000, 0.0000000000000000000, -1.000000000000000000 ) ) ;
#2153 = CARTESIAN_POINT ( 'NONE',  ( 4.940000000000002200, 4.112060446893201500E-016, -11.35000000000000000 ) ) ;
#2154 = DIRECTION ( 'NONE',  ( -0.0000000000000000000, 1.000000000000000000, 0.0000000000000000000 ) ) ;
#2155 = CARTESIAN_POINT ( 'NONE',  ( -5.099999999999999600, 2.879999999999999000, 10.59879238404074200 ) ) ;
#2156 = DIRECTION ( 'NONE',  ( 1.000000000000000000, 0.0000000000000000000, 0.0000000000000000000 ) ) ;
#2157 = DIRECTION ( 'NONE',  ( -0.0000000000000000000, -0.0000000000000000000, -1.000000000000000000 ) ) ;
#2158 = DIRECTION ( 'NONE',  ( 0.0000000000000000000, -1.000000000000000000, 0.0000000000000000000 ) ) ;
#2159 = DIRECTION ( 'NONE',  ( 1.000000000000000000, 0.0000000000000000000, 0.0000000000000000000 ) ) ;
#2160 = DIRECTION ( 'NONE',  ( -0.0000000000000000000, -0.0000000000000000000, -1.000000000000000000 ) ) ;
#2161 = CARTESIAN_POINT ( 'NONE',  ( 6.425000000000002500, -2.716858263282036400, -5.021186755265742500 ) ) ;
#2162 = CARTESIAN_POINT ( 'NONE',  ( 5.100000000000006800, 3.050720595683354600E-015, -3.000000000000000900 ) ) ;
#2163 = DIRECTION ( 'NONE',  ( 1.000000000000000000, 0.0000000000000000000, 0.0000000000000000000 ) ) ;
#2164 = CARTESIAN_POINT ( 'NONE',  ( 0.0000000000000000000, 2.879999999999999000, -11.50000000000000200 ) ) ;
#2165 = CARTESIAN_POINT ( 'NONE',  ( 5.159411708155671400, 14.10000000000000100, -5.637889269910316100E-017 ) ) ;
#2166 = CARTESIAN_POINT ( 'NONE',  ( 0.0000000000000000000, 10.42000000000000000, -11.35000000000000000 ) ) ;
#2167 = CARTESIAN_POINT ( 'NONE',  ( 5.575000000000002000, -1.700000000000000000, -4.877781215626828100 ) ) ;
#2168 = DIRECTION ( 'NONE',  ( -0.0000000000000000000, -0.0000000000000000000, -1.000000000000000000 ) ) ;
#2169 = DIRECTION ( 'NONE',  ( 5.981805089575198200E-016, -1.000000000000000000, 0.0000000000000000000 ) ) ;
#2170 = CARTESIAN_POINT ( 'NONE',  ( 5.099999999999999600, 2.879999999999999000, 10.59879238404074200 ) ) ;
#2171 = DIRECTION ( 'NONE',  ( 1.000000000000000000, 0.0000000000000000000, 0.0000000000000000000 ) ) ;
#2172 = CARTESIAN_POINT ( 'NONE',  ( 4.940000000000001300, 0.5000000000000000000, -5.821044698318254400 ) ) ;
#2173 = DIRECTION ( 'NONE',  ( 1.249800775199429400E-016, -1.000000000000000000, 0.0000000000000000000 ) ) ;
#2174 = CARTESIAN_POINT ( 'NONE',  ( 5.099999999999999600, 12.05000000000000200, 10.30254822847240700 ) ) ;
#2175 = CARTESIAN_POINT ( 'NONE',  ( -5.099999999999992500, -3.050720595683345900E-015, -3.000000000000000900 ) ) ;
#2176 = CARTESIAN_POINT ( 'NONE',  ( 4.940000000000001300, 0.0000000000000000000, -6.178955301681739300 ) ) ;
#2177 = CARTESIAN_POINT ( 'NONE',  ( -5.099999999999999600, 12.05000000000000200, 10.30254822847240700 ) ) ;
#2178 = DIRECTION ( 'NONE',  ( 0.0000000000000000000, -1.000000000000000000, 0.0000000000000000000 ) ) ;
#2179 = CARTESIAN_POINT ( 'NONE',  ( 6.424999999999999800, -0.9250000000000000400, -5.012579117093426200 ) ) ;
#2180 = CARTESIAN_POINT ( 'NONE',  ( -3.375000000000000400, 0.0000000000000000000, -0.5000000000000004400 ) ) ;
#2181 = CARTESIAN_POINT ( 'NONE',  ( 6.099999999999999600, 0.0000000000000000000, -7.070338731430384300 ) ) ;
#2182 = CARTESIAN_POINT ( 'NONE',  ( 6.425000000000002500, -3.200000000000000200, -6.905193349511582000 ) ) ;
#2183 = CARTESIAN_POINT ( 'NONE',  ( -4.940000000000000400, 0.5000000000000000000, -11.50000000000000200 ) ) ;
#2184 = CARTESIAN_POINT ( 'NONE',  ( -4.940000000000001300, 10.42000000000000000, -11.35000000000000000 ) ) ;
#2185 = CARTESIAN_POINT ( 'NONE',  ( 6.425000000000001600, -1.700000000000000000, -7.122218784373171000 ) ) ;
#2186 = CARTESIAN_POINT ( 'NONE',  ( 0.0000000000000000000, 12.05000000000000200, -3.000000000000000900 ) ) ;
#2187 = CARTESIAN_POINT ( 'NONE',  ( 3.100000000000000500, 3.874382403118231700E-016, -4.200000000000000200 ) ) ;
#2188 = DIRECTION ( 'NONE',  ( -8.324009001808095700E-017, -1.000000000000000000, 0.0000000000000000000 ) ) ;
#2189 = DIRECTION ( 'NONE',  ( -0.0000000000000000000, -0.0000000000000000000, -1.000000000000000000 ) ) ;
#2190 = CARTESIAN_POINT ( 'NONE',  ( -4.940000000000002200, 4.112060446893201500E-016, -0.5000000000000004400 ) ) ;
#2191 = CARTESIAN_POINT ( 'NONE',  ( 2.600000000000000100, 12.05000000000000200, 0.0000000000000000000 ) ) ;
#2192 = DIRECTION ( 'NONE',  ( 0.0000000000000000000, -1.000000000000000000, 0.0000000000000000000 ) ) ;
#2193 = DIRECTION ( 'NONE',  ( -1.000000000000000000, 0.0000000000000000000, 0.0000000000000000000 ) ) ;
#2194 = CARTESIAN_POINT ( 'NONE',  ( -3.375000000000000400, 0.0000000000000000000, -11.35000000000000000 ) ) ;
#2195 = DIRECTION ( 'NONE',  ( -5.981805089575198200E-016, 1.000000000000000000, 0.0000000000000000000 ) ) ;
#2196 = DIRECTION ( 'NONE',  ( -0.0000000000000000000, -0.0000000000000000000, 1.000000000000000000 ) ) ;
#2197 = CARTESIAN_POINT ( 'NONE',  ( -4.940000000000002200, 4.112060446893201500E-016, -11.35000000000000000 ) ) ;
#2198 = CARTESIAN_POINT ( 'NONE',  ( 3.375000000000001300, 12.55000000000000200, 0.0000000000000000000 ) ) ;
#2199 = DIRECTION ( 'NONE',  ( -1.000000000000000000, 0.0000000000000000000, 0.0000000000000000000 ) ) ;
#2200 = DIRECTION ( 'NONE',  ( -8.324009001808095700E-017, -1.000000000000000000, 0.0000000000000000000 ) ) ;
#2201 = CARTESIAN_POINT ( 'NONE',  ( 0.0000000000000000000, 12.05000000000000200, -3.000000000000000900 ) ) ;
#2202 = DIRECTION ( 'NONE',  ( -0.0000000000000000000, -1.000000000000000000, -0.0000000000000000000 ) ) ;
#2203 = ORIENTED_EDGE ( 'NONE', *, *, #286, .T. ) ;
#2204 = VERTEX_POINT ( 'NONE', #1775 ) ;
#2205 = ORIENTED_EDGE ( 'NONE', *, *, #285, .F. ) ;
#2206 = ORIENTED_EDGE ( 'NONE', *, *, #288, .T. ) ;
#2207 = ORIENTED_EDGE ( 'NONE', *, *, #287, .F. ) ;
#2208 = ORIENTED_EDGE ( 'NONE', *, *, #350, .F. ) ;
#2209 = ORIENTED_EDGE ( 'NONE', *, *, #496, .F. ) ;
#2210 = ORIENTED_EDGE ( 'NONE', *, *, #275, .T. ) ;
#2211 = ORIENTED_EDGE ( 'NONE', *, *, #275, .F. ) ;
#2212 = ORIENTED_EDGE ( 'NONE', *, *, #274, .F. ) ;
#2213 = ORIENTED_EDGE ( 'NONE', *, *, #448, .F. ) ;
#2214 = ORIENTED_EDGE ( 'NONE', *, *, #449, .F. ) ;
#2215 = ORIENTED_EDGE ( 'NONE', *, *, #471, .F. ) ;
#2216 = ORIENTED_EDGE ( 'NONE', *, *, #450, .F. ) ;
#2217 = ORIENTED_EDGE ( 'NONE', *, *, #245, .F. ) ;
#2218 = ORIENTED_EDGE ( 'NONE', *, *, #273, .T. ) ;
#2219 = ORIENTED_EDGE ( 'NONE', *, *, #273, .F. ) ;
#2220 = ORIENTED_EDGE ( 'NONE', *, *, #272, .T. ) ;
#2221 = ORIENTED_EDGE ( 'NONE', *, *, #438, .F. ) ;
#2222 = ORIENTED_EDGE ( 'NONE', *, *, #467, .F. ) ;
#2223 = ORIENTED_EDGE ( 'NONE', *, *, #451, .F. ) ;
#2224 = ORIENTED_EDGE ( 'NONE', *, *, #508, .F. ) ;
#2225 = ORIENTED_EDGE ( 'NONE', *, *, #299, .F. ) ;
#2226 = ORIENTED_EDGE ( 'NONE', *, *, #412, .F. ) ;
#2227 = ORIENTED_EDGE ( 'NONE', *, *, #408, .F. ) ;
#2228 = VERTEX_POINT ( 'NONE', #1772 ) ;
#2229 = ORIENTED_EDGE ( 'NONE', *, *, #352, .F. ) ;
#2230 = ORIENTED_EDGE ( 'NONE', *, *, #266, .F. ) ;
#2231 = ORIENTED_EDGE ( 'NONE', *, *, #274, .T. ) ;
#2232 = DIRECTION ( 'NONE',  ( 0.0000000000000000000, 0.0000000000000000000, -1.000000000000000000 ) ) ;
#2233 = CARTESIAN_POINT ( 'NONE',  ( -6.100000000000000500, 2.480935215993350000, -6.136868873125288300 ) ) ;
#2234 = ORIENTED_EDGE ( 'NONE', *, *, #271, .F. ) ;
#2235 = ORIENTED_EDGE ( 'NONE', *, *, #315, .T. ) ;
#2236 = ORIENTED_EDGE ( 'NONE', *, *, #256, .F. ) ;
#2237 = ORIENTED_EDGE ( 'NONE', *, *, #444, .F. ) ;
#2238 = ORIENTED_EDGE ( 'NONE', *, *, #507, .F. ) ;
#2239 = ORIENTED_EDGE ( 'NONE', *, *, #259, .T. ) ;
#2240 = ORIENTED_EDGE ( 'NONE', *, *, #258, .F. ) ;
#2241 = ORIENTED_EDGE ( 'NONE', *, *, #257, .F. ) ;
#2242 = CARTESIAN_POINT ( 'NONE',  ( 4.940000000000001300, 0.0000000000000000000, -5.849999999999999600 ) ) ;
#2243 = DIRECTION ( 'NONE',  ( -0.0000000000000000000, -0.0000000000000000000, 1.000000000000000000 ) ) ;
#2244 = CARTESIAN_POINT ( 'NONE',  ( 5.575000000000002000, -1.620346103934375200E-016, -4.877781215626828100 ) ) ;
#2245 = CARTESIAN_POINT ( 'NONE',  ( 1.530000000000000900, -3.249999999999999600, -8.300000000000016700 ) ) ;
#2246 = DIRECTION ( 'NONE',  ( -1.249800775199429400E-016, -1.000000000000000000, 0.0000000000000000000 ) ) ;
#2247 = CARTESIAN_POINT ( 'NONE',  ( -0.5099999999999991200, -3.249999999999999600, -8.300000000000030900 ) ) ;
#2248 = CARTESIAN_POINT ( 'NONE',  ( 4.940000000000002200, 3.469999999999998400, -11.35000000000000000 ) ) ;
#2249 = DIRECTION ( 'NONE',  ( 0.0000000000000000000, 0.0000000000000000000, -1.000000000000000000 ) ) ;
#2250 = DIRECTION ( 'NONE',  ( 0.0000000000000000000, -1.000000000000000000, 0.0000000000000000000 ) ) ;
#2251 = CARTESIAN_POINT ( 'NONE',  ( 6.425000000000002500, -3.200000000000000200, -5.094806650488418000 ) ) ;
#2252 = CARTESIAN_POINT ( 'NONE',  ( 0.5100000000000009000, -3.249999999999999600, -10.84000000000002700 ) ) ;
#2253 = CARTESIAN_POINT ( 'NONE',  ( -1.529999999999999100, -3.249999999999999600, -10.84000000000004200 ) ) ;
#2254 = DIRECTION ( 'NONE',  ( 0.0000000000000000000, 0.0000000000000000000, -1.000000000000000000 ) ) ;
#2255 = DIRECTION ( 'NONE',  ( 0.0000000000000000000, -1.000000000000000000, 0.0000000000000000000 ) ) ;
#2256 = DIRECTION ( 'NONE',  ( 0.0000000000000000000, 0.0000000000000000000, -1.000000000000000000 ) ) ;
#2257 = DIRECTION ( 'NONE',  ( 1.000000000000000000, -1.249800775199429400E-016, -0.0000000000000000000 ) ) ;
#2258 = CARTESIAN_POINT ( 'NONE',  ( -3.100000000000000100, 2.969999999999998400, -2.500000000000000400 ) ) ;
#2259 = CARTESIAN_POINT ( 'NONE',  ( -3.100000000000000500, 3.874382403118231700E-016, -4.200000000000000200 ) ) ;
#2260 = DIRECTION ( 'NONE',  ( 0.0000000000000000000, 0.0000000000000000000, -1.000000000000000000 ) ) ;
#2261 = DIRECTION ( 'NONE',  ( 0.0000000000000000000, -1.000000000000000000, 0.0000000000000000000 ) ) ;
#2262 = DIRECTION ( 'NONE',  ( 0.0000000000000000000, -1.000000000000000000, 0.0000000000000000000 ) ) ;
#2263 = DIRECTION ( 'NONE',  ( 0.0000000000000000000, -1.000000000000000000, -0.0000000000000000000 ) ) ;
#2264 = CARTESIAN_POINT ( 'NONE',  ( 6.425000000000001600, -1.700000000000000000, -6.000000000000000000 ) ) ;
#2265 = DIRECTION ( 'NONE',  ( 0.0000000000000000000, 0.0000000000000000000, -1.000000000000000000 ) ) ;
#2266 = DIRECTION ( 'NONE',  ( 0.0000000000000000000, -1.000000000000000000, 0.0000000000000000000 ) ) ;
#2267 = DIRECTION ( 'NONE',  ( -0.0000000000000000000, 1.000000000000000000, 0.0000000000000000000 ) ) ;
#2268 = CARTESIAN_POINT ( 'NONE',  ( 6.000000000000000000, -1.700000000000000000, -6.000000000000000000 ) ) ;
#2269 = CARTESIAN_POINT ( 'NONE',  ( 5.575000000000002000, -1.620346103934375200E-016, -5.012579117093425300 ) ) ;
#2270 = DIRECTION ( 'NONE',  ( 0.0000000000000000000, -1.000000000000000000, -0.0000000000000000000 ) ) ;
#2271 = DIRECTION ( 'NONE',  ( 0.0000000000000000000, -1.000000000000000000, -0.0000000000000000000 ) ) ;
#2272 = CARTESIAN_POINT ( 'NONE',  ( 6.425000000000001600, 1.620346103934385300E-016, -7.122218784373171000 ) ) ;
#2273 = DIRECTION ( 'NONE',  ( 0.0000000000000000000, 0.0000000000000000000, -1.000000000000000000 ) ) ;
#2274 = DIRECTION ( 'NONE',  ( 0.0000000000000000000, 0.0000000000000000000, -1.000000000000000000 ) ) ;
#2275 = CARTESIAN_POINT ( 'NONE',  ( -6.425000000000002500, -3.200000000000000200, -6.905193349511582000 ) ) ;
#2276 = DIRECTION ( 'NONE',  ( -0.0000000000000000000, -0.0000000000000000000, 1.000000000000000000 ) ) ;
#2277 = CARTESIAN_POINT ( 'NONE',  ( -3.100000000000000500, 0.5000000000000000000, -4.200000000000000200 ) ) ;
#2278 = CARTESIAN_POINT ( 'NONE',  ( -6.425000000000001600, -1.749999999999999800, -4.877781215626829000 ) ) ;
#2279 = CARTESIAN_POINT ( 'NONE',  ( -6.425000000000001600, -2.233486468939257700, -4.949091148856782100 ) ) ;
#2280 = CARTESIAN_POINT ( 'NONE',  ( -6.425000000000002500, -2.716858263282036400, -5.021186755265742500 ) ) ;
#2281 = CARTESIAN_POINT ( 'NONE',  ( 4.940000000000001300, 0.0000000000000000000, -2.000000000000000000 ) ) ;
#2282 = CARTESIAN_POINT ( 'NONE',  ( -6.425000000000002500, -3.200000000000000200, -5.094806650488418000 ) ) ;
#2283 = CARTESIAN_POINT ( 'NONE',  ( -6.099999999999999600, 0.0000000000000000000, -13.00000000000000000 ) ) ;
#2284 = ORIENTED_EDGE ( 'NONE', *, *, #468, .F. ) ;
#2285 = ORIENTED_EDGE ( 'NONE', *, *, #496, .T. ) ;
#2286 = CARTESIAN_POINT ( 'NONE',  ( -5.440000000000002200, 0.0000000000000000000, -0.5000000000000004400 ) ) ;
#2287 = CARTESIAN_POINT ( 'NONE',  ( 4.940000000000001300, 0.0000000000000000000, -6.149999999999999500 ) ) ;
#2288 = DIRECTION ( 'NONE',  ( 0.0000000000000000000, 0.0000000000000000000, -1.000000000000000000 ) ) ;
#2289 = DIRECTION ( 'NONE',  ( 0.0000000000000000000, -1.000000000000000000, 0.0000000000000000000 ) ) ;
#2290 = DIRECTION ( 'NONE',  ( 0.0000000000000000000, 1.000000000000000000, 0.0000000000000000000 ) ) ;
#2291 = DIRECTION ( 'NONE',  ( 0.0000000000000000000, -1.000000000000000000, 0.0000000000000000000 ) ) ;
#2292 = CARTESIAN_POINT ( 'NONE',  ( 5.440000000000001300, 0.0000000000000000000, -0.5000000000000000000 ) ) ;
#2293 = DIRECTION ( 'NONE',  ( -1.000000000000000000, 0.0000000000000000000, 0.0000000000000000000 ) ) ;
#2294 = CARTESIAN_POINT ( 'NONE',  ( 3.100000000000000500, 0.5000000000000000000, -4.200000000000000200 ) ) ;
#2295 = DIRECTION ( 'NONE',  ( 8.324009001808095700E-017, -1.000000000000000000, 0.0000000000000000000 ) ) ;
#2296 = CARTESIAN_POINT ( 'NONE',  ( -6.099999999999999600, 0.0000000000000000000, -7.070338731430382500 ) ) ;
#2297 = DIRECTION ( 'NONE',  ( 0.0000000000000000000, 0.0000000000000000000, -1.000000000000000000 ) ) ;
#2298 = DIRECTION ( 'NONE',  ( -8.324009001808095700E-017, 1.000000000000000000, -0.0000000000000000000 ) ) ;
#2299 = PRODUCT ( 'GLX-N-64M_rA6', 'GLX-N-64M_rA6', '', ( #1956 ) ) ;
#2300 = ORIENTED_EDGE ( 'NONE', *, *, #442, .T. ) ;
#2301 = ORIENTED_EDGE ( 'NONE', *, *, #440, .F. ) ;
#2302 = PRODUCT_DEFINITION_CONTEXT ( 'detailed design', #1957, 'design' ) ;
#2303 = PRODUCT_DEFINITION_SHAPE ( 'NONE', 'NONE',  #725 ) ;
#2304 = CARTESIAN_POINT ( 'NONE',  ( 3.375000000000001300, 10.42000000000000000, -0.5000000000000000000 ) ) ;
#2305 = CARTESIAN_POINT ( 'NONE',  ( 3.375000000000000400, 0.0000000000000000000, -11.35000000000000000 ) ) ;
#2306 = CARTESIAN_POINT ( 'NONE',  ( 3.375000000000000400, 12.05000000000000200, -0.5000000000000000000 ) ) ;
#2307 = CARTESIAN_POINT ( 'NONE',  ( 6.425000000000001600, 1.620346103934385300E-016, -4.877781215626829000 ) ) ;
#2308 = DIRECTION ( 'NONE',  ( -0.0000000000000000000, 1.000000000000000000, 0.0000000000000000000 ) ) ;
#2309 = DIRECTION ( 'NONE',  ( 0.0000000000000000000, 0.0000000000000000000, -1.000000000000000000 ) ) ;
#2310 = CARTESIAN_POINT ( 'NONE',  ( 5.575000000000002000, -1.700000000000000000, -6.000000000000000000 ) ) ;
#2311 = DIRECTION ( 'NONE',  ( -0.0000000000000000000, 1.000000000000000000, -0.0000000000000000000 ) ) ;
#2312 = DIRECTION ( 'NONE',  ( 0.0000000000000000000, -1.000000000000000000, -0.0000000000000000000 ) ) ;
#2313 = DIRECTION ( 'NONE',  ( 0.0000000000000000000, 0.0000000000000000000, -1.000000000000000000 ) ) ;
#2314 = CARTESIAN_POINT ( 'NONE',  ( 5.621610196201033600, -0.7024294928466390300, -4.990545583241857500 ) ) ;
#2315 = CARTESIAN_POINT ( 'NONE',  ( 6.000000000000000000, -1.700000000000000000, -6.000000000000000000 ) ) ;
#2316 = CARTESIAN_POINT ( 'NONE',  ( 5.999999999999977800, -0.4999999999997607500, -4.924999999999905700 ) ) ;
#2317 = DIRECTION ( 'NONE',  ( -0.0000000000000000000, 1.000000000000000000, 0.0000000000000000000 ) ) ;
#2318 = DIRECTION ( 'NONE',  ( -0.0000000000000000000, 1.000000000000000000, -0.0000000000000000000 ) ) ;
#2319 = CARTESIAN_POINT ( 'NONE',  ( 6.000000000000000000, -1.749999999999999800, -6.000000000000000000 ) ) ;
#2320 = DIRECTION ( 'NONE',  ( -1.000000000000000000, -0.0000000000000000000, -0.0000000000000000000 ) ) ;
#2321 = DIRECTION ( 'NONE',  ( 0.0000000000000000000, -1.000000000000000000, 0.0000000000000000000 ) ) ;
#2322 = CARTESIAN_POINT ( 'NONE',  ( 6.000000000000000000, 0.0000000000000000000, -6.000000000000000000 ) ) ;
#2323 = CARTESIAN_POINT ( 'NONE',  ( 3.375000000000000400, 12.05000000000000200, -11.35000000000000000 ) ) ;
#2324 = DIRECTION ( 'NONE',  ( -0.0000000000000000000, 1.000000000000000000, 0.0000000000000000000 ) ) ;
#2325 = DIRECTION ( 'NONE',  ( -0.0000000000000000000, 1.000000000000000000, 0.0000000000000000000 ) ) ;
#2326 = CARTESIAN_POINT ( 'NONE',  ( 5.777038479401666000, -0.5468404640816240100, -4.945265330301494600 ) ) ;
#2327 = CARTESIAN_POINT ( 'NONE',  ( 5.575000000000000200, -0.8115204032831021500, -5.012579117093426200 ) ) ;
#2328 = DIRECTION ( 'NONE',  ( 0.0000000000000000000, 0.0000000000000000000, 1.000000000000000000 ) ) ;
#2329 = CARTESIAN_POINT ( 'NONE',  ( 5.575000000000002000, -0.9250000000000000400, -5.012579117093425300 ) ) ;
#2330 = CARTESIAN_POINT ( 'NONE',  ( 5.887872494264940700, -0.5000000000000117700, -4.925000000000006000 ) ) ;
#2331 = DIRECTION ( 'NONE',  ( 0.0000000000000000000, 0.0000000000000000000, -1.000000000000000000 ) ) ;
#2332 = CARTESIAN_POINT ( 'NONE',  ( 6.425000000000001600, -1.700000000000000000, -6.000000000000000000 ) ) ;
#2333 = CARTESIAN_POINT ( 'NONE',  ( 5.575000000000002000, -1.700000000000000000, -6.000000000000000000 ) ) ;
#2334 = DIRECTION ( 'NONE',  ( 0.0000000000000000000, 0.0000000000000000000, -1.000000000000000000 ) ) ;
#2335 = CARTESIAN_POINT ( 'NONE',  ( 4.940000000000001300, 0.0000000000000000000, -6.178955301681739300 ) ) ;
#2336 = CARTESIAN_POINT ( 'NONE',  ( 4.935516557197812100, 0.0000000000000000000, -5.849999999999999600 ) ) ;
#2337 = DIRECTION ( 'NONE',  ( 0.0000000000000000000, 0.0000000000000000000, 1.000000000000000000 ) ) ;
#2338 = DIRECTION ( 'NONE',  ( -0.0000000000000000000, -0.0000000000000000000, 1.000000000000000000 ) ) ;
#2339 = CARTESIAN_POINT ( 'NONE',  ( 4.935516557197812100, 0.0000000000000000000, -6.149999999999999500 ) ) ;
#2340 = ORIENTED_EDGE ( 'NONE', *, *, #285, .T. ) ;
#2341 = ORIENTED_EDGE ( 'NONE', *, *, #289, .T. ) ;
#2342 = ORIENTED_EDGE ( 'NONE', *, *, #425, .F. ) ;
#2343 = ORIENTED_EDGE ( 'NONE', *, *, #287, .T. ) ;
#2344 = VERTEX_POINT ( 'NONE', #1770 ) ;
#2345 = ORIENTED_EDGE ( 'NONE', *, *, #290, .T. ) ;
#2346 = VERTEX_POINT ( 'NONE', #1773 ) ;
#2347 = ORIENTED_EDGE ( 'NONE', *, *, #291, .F. ) ;
#2348 = VERTEX_POINT ( 'NONE', #1776 ) ;
#2349 = ORIENTED_EDGE ( 'NONE', *, *, #277, .F. ) ;
#2350 = ORIENTED_EDGE ( 'NONE', *, *, #436, .F. ) ;
#2351 = ORIENTED_EDGE ( 'NONE', *, *, #292, .T. ) ;
#2352 = VERTEX_POINT ( 'NONE', #1780 ) ;
#2353 = ORIENTED_EDGE ( 'NONE', *, *, #477, .F. ) ;
#2354 = VERTEX_POINT ( 'NONE', #1786 ) ;
#2355 = ORIENTED_EDGE ( 'NONE', *, *, #280, .F. ) ;
#2356 = ORIENTED_EDGE ( 'NONE', *, *, #291, .T. ) ;
#2357 = VERTEX_POINT ( 'NONE', #1781 ) ;
#2358 = ORIENTED_EDGE ( 'NONE', *, *, #279, .F. ) ;
#2359 = VERTEX_POINT ( 'NONE', #1784 ) ;
#2360 = ORIENTED_EDGE ( 'NONE', *, *, #400, .F. ) ;
#2361 = ORIENTED_EDGE ( 'NONE', *, *, #394, .F. ) ;
#2362 = ORIENTED_EDGE ( 'NONE', *, *, #376, .F. ) ;
#2363 = ORIENTED_EDGE ( 'NONE', *, *, #372, .F. ) ;
#2364 = ORIENTED_EDGE ( 'NONE', *, *, #384, .F. ) ;
#2365 = ORIENTED_EDGE ( 'NONE', *, *, #358, .F. ) ;
#2366 = ORIENTED_EDGE ( 'NONE', *, *, #398, .F. ) ;
#2367 = VERTEX_POINT ( 'NONE', #1783 ) ;
#2368 = ORIENTED_EDGE ( 'NONE', *, *, #278, .F. ) ;
#2369 = ORIENTED_EDGE ( 'NONE', *, *, #282, .F. ) ;
#2370 = ORIENTED_EDGE ( 'NONE', *, *, #286, .F. ) ;
#2371 = ORIENTED_EDGE ( 'NONE', *, *, #288, .F. ) ;
#2372 = ORIENTED_EDGE ( 'NONE', *, *, #290, .F. ) ;
#2373 = ORIENTED_EDGE ( 'NONE', *, *, #289, .F. ) ;
#2374 = ORIENTED_EDGE ( 'NONE', *, *, #284, .F. ) ;
#2375 = VERTEX_POINT ( 'NONE', #1778 ) ;
#2376 = ORIENTED_EDGE ( 'NONE', *, *, #283, .F. ) ;
#2377 = ORIENTED_EDGE ( 'NONE', *, *, #476, .F. ) ;
#2378 = ORIENTED_EDGE ( 'NONE', *, *, #292, .F. ) ;
#2379 = ORIENTED_EDGE ( 'NONE', *, *, #437, .F. ) ;
#2380 = VERTEX_POINT ( 'NONE', #1790 ) ;
#2381 = ORIENTED_EDGE ( 'NONE', *, *, #401, .F. ) ;
#2382 = ORIENTED_EDGE ( 'NONE', *, *, #343, .T. ) ;
#2383 = ORIENTED_EDGE ( 'NONE', *, *, #321, .T. ) ;
#2384 = ORIENTED_EDGE ( 'NONE', *, *, #336, .T. ) ;
#2385 = ORIENTED_EDGE ( 'NONE', *, *, #293, .T. ) ;
#2386 = ORIENTED_EDGE ( 'NONE', *, *, #337, .T. ) ;
#2387 = ORIENTED_EDGE ( 'NONE', *, *, #312, .T. ) ;
#2388 = ORIENTED_EDGE ( 'NONE', *, *, #294, .F. ) ;
#2389 = ORIENTED_EDGE ( 'NONE', *, *, #346, .T. ) ;
#2390 = ORIENTED_EDGE ( 'NONE', *, *, #309, .T. ) ;
#2391 = ORIENTED_EDGE ( 'NONE', *, *, #305, .T. ) ;
#2392 = ORIENTED_EDGE ( 'NONE', *, *, #334, .T. ) ;
#2393 = ORIENTED_EDGE ( 'NONE', *, *, #330, .T. ) ;
#2394 = ORIENTED_EDGE ( 'NONE', *, *, #329, .T. ) ;
#2395 = VERTEX_POINT ( 'NONE', #1792 ) ;
#2396 = ORIENTED_EDGE ( 'NONE', *, *, #311, .T. ) ;
#2397 = ORIENTED_EDGE ( 'NONE', *, *, #301, .T. ) ;
#2398 = ORIENTED_EDGE ( 'NONE', *, *, #345, .T. ) ;
#2399 = ORIENTED_EDGE ( 'NONE', *, *, #293, .F. ) ;
#2400 = ORIENTED_EDGE ( 'NONE', *, *, #322, .T. ) ;
#2401 = ORIENTED_EDGE ( 'NONE', *, *, #294, .T. ) ;
#2402 = ORIENTED_EDGE ( 'NONE', *, *, #304, .T. ) ;
#2403 = ORIENTED_EDGE ( 'NONE', *, *, #310, .T. ) ;
#2404 = ORIENTED_EDGE ( 'NONE', *, *, #302, .T. ) ;
#2405 = ORIENTED_EDGE ( 'NONE', *, *, #331, .T. ) ;
#2406 = ORIENTED_EDGE ( 'NONE', *, *, #368, .T. ) ;
#2407 = ORIENTED_EDGE ( 'NONE', *, *, #332, .T. ) ;
#2408 = ORIENTED_EDGE ( 'NONE', *, *, #328, .T. ) ;
#2409 = ORIENTED_EDGE ( 'NONE', *, *, #308, .T. ) ;
#2410 = ORIENTED_EDGE ( 'NONE', *, *, #482, .F. ) ;
#2411 = ORIENTED_EDGE ( 'NONE', *, *, #295, .F. ) ;
#2412 = ORIENTED_EDGE ( 'NONE', *, *, #480, .T. ) ;
#2413 = ORIENTED_EDGE ( 'NONE', *, *, #427, .T. ) ;
#2414 = ORIENTED_EDGE ( 'NONE', *, *, #295, .T. ) ;
#2415 = ORIENTED_EDGE ( 'NONE', *, *, #483, .T. ) ;
#2416 = ORIENTED_EDGE ( 'NONE', *, *, #486, .F. ) ;
#2417 = ORIENTED_EDGE ( 'NONE', *, *, #296, .F. ) ;
#2418 = ORIENTED_EDGE ( 'NONE', *, *, #484, .T. ) ;
#2419 = ORIENTED_EDGE ( 'NONE', *, *, #421, .T. ) ;
#2420 = ORIENTED_EDGE ( 'NONE', *, *, #296, .T. ) ;
#2421 = ORIENTED_EDGE ( 'NONE', *, *, #487, .T. ) ;
#2422 = ORIENTED_EDGE ( 'NONE', *, *, #493, .F. ) ;
#2423 = ORIENTED_EDGE ( 'NONE', *, *, #297, .F. ) ;
#2424 = ORIENTED_EDGE ( 'NONE', *, *, #495, .T. ) ;
#2425 = ORIENTED_EDGE ( 'NONE', *, *, #428, .T. ) ;
#2426 = ORIENTED_EDGE ( 'NONE', *, *, #297, .T. ) ;
#2427 = ORIENTED_EDGE ( 'NONE', *, *, #492, .T. ) ;
#2428 = ORIENTED_EDGE ( 'NONE', *, *, #333, .T. ) ;
#2429 = ORIENTED_EDGE ( 'NONE', *, *, #491, .F. ) ;
#2430 = ORIENTED_EDGE ( 'NONE', *, *, #298, .F. ) ;
#2431 = ORIENTED_EDGE ( 'NONE', *, *, #488, .T. ) ;
#2432 = ORIENTED_EDGE ( 'NONE', *, *, #420, .T. ) ;
#2433 = ORIENTED_EDGE ( 'NONE', *, *, #298, .T. ) ;
#2434 = ORIENTED_EDGE ( 'NONE', *, *, #490, .T. ) ;
#2435 = ORIENTED_EDGE ( 'NONE', *, *, #494, .F. ) ;
#2436 = ORIENTED_EDGE ( 'NONE', *, *, #325, .F. ) ;
#2437 = VERTEX_POINT ( 'NONE', #1795 ) ;
#2438 = ORIENTED_EDGE ( 'NONE', *, *, #481, .F. ) ;
#2439 = ORIENTED_EDGE ( 'NONE', *, *, #306, .F. ) ;
#2440 = ORIENTED_EDGE ( 'NONE', *, *, #339, .F. ) ;
#2441 = ORIENTED_EDGE ( 'NONE', *, *, #303, .T. ) ;
#2442 = ORIENTED_EDGE ( 'NONE', *, *, #482, .T. ) ;
#2443 = ORIENTED_EDGE ( 'NONE', *, *, #481, .T. ) ;
#2444 = ORIENTED_EDGE ( 'NONE', *, *, #486, .T. ) ;
#2445 = ORIENTED_EDGE ( 'NONE', *, *, #343, .F. ) ;
#2446 = ORIENTED_EDGE ( 'NONE', *, *, #303, .F. ) ;
#2447 = ORIENTED_EDGE ( 'NONE', *, *, #349, .F. ) ;
#2448 = ORIENTED_EDGE ( 'NONE', *, *, #328, .F. ) ;
#2449 = ORIENTED_EDGE ( 'NONE', *, *, #493, .T. ) ;
#2450 = ORIENTED_EDGE ( 'NONE', *, *, #494, .T. ) ;
#2451 = VERTEX_POINT ( 'NONE', #1787 ) ;
#2452 = ORIENTED_EDGE ( 'NONE', *, *, #429, .T. ) ;
#2453 = VERTEX_POINT ( 'NONE', #1798 ) ;
#2454 = ORIENTED_EDGE ( 'NONE', *, *, #341, .T. ) ;
#2455 = VERTEX_POINT ( 'NONE', #1794 ) ;
#2456 = ORIENTED_EDGE ( 'NONE', *, *, #344, .F. ) ;
#2457 = VERTEX_POINT ( 'NONE', #1789 ) ;
#2458 = ORIENTED_EDGE ( 'NONE', *, *, #489, .T. ) ;
#2459 = ORIENTED_EDGE ( 'NONE', *, *, #490, .F. ) ;
#2460 = ORIENTED_EDGE ( 'NONE', *, *, #347, .T. ) ;
#2461 = VERTEX_POINT ( 'NONE', #1800 ) ;
#2462 = ORIENTED_EDGE ( 'NONE', *, *, #483, .F. ) ;
#2463 = ORIENTED_EDGE ( 'NONE', *, *, #326, .T. ) ;
#2464 = VERTEX_POINT ( 'NONE', #1799 ) ;
#2465 = ORIENTED_EDGE ( 'NONE', *, *, #312, .F. ) ;
#2466 = VERTEX_POINT ( 'NONE', #1797 ) ;
#2467 = VERTEX_POINT ( 'NONE', #1804 ) ;
#2468 = VERTEX_POINT ( 'NONE', #1802 ) ;
#2469 = VERTEX_POINT ( 'NONE', #1805 ) ;
#2470 = ORIENTED_EDGE ( 'NONE', *, *, #346, .F. ) ;
#2471 = VERTEX_POINT ( 'NONE', #1803 ) ;
#2472 = VERTEX_POINT ( 'NONE', #1807 ) ;
#2473 = ORIENTED_EDGE ( 'NONE', *, *, #349, .T. ) ;
#2474 = VERTEX_POINT ( 'NONE', #1801 ) ;
#2475 = VERTEX_POINT ( 'NONE', #1809 ) ;
#2476 = VERTEX_POINT ( 'NONE', #1810 ) ;
#2477 = VERTEX_POINT ( 'NONE', #1811 ) ;
#2478 = VERTEX_POINT ( 'NONE', #1806 ) ;
#2479 = ORIENTED_EDGE ( 'NONE', *, *, #340, .F. ) ;
#2480 = VERTEX_POINT ( 'NONE', #1808 ) ;
#2481 = VERTEX_POINT ( 'NONE', #1813 ) ;
#2482 = ORIENTED_EDGE ( 'NONE', *, *, #484, .F. ) ;
#2483 = VERTEX_POINT ( 'NONE', #1815 ) ;
#2484 = VERTEX_POINT ( 'NONE', #1816 ) ;
#2485 = ORIENTED_EDGE ( 'NONE', *, *, #495, .F. ) ;
#2486 = VERTEX_POINT ( 'NONE', #1818 ) ;
#2487 = ORIENTED_EDGE ( 'NONE', *, *, #348, .F. ) ;
#2488 = VERTEX_POINT ( 'NONE', #1812 ) ;
#2489 = VERTEX_POINT ( 'NONE', #1820 ) ;
#2490 = ORIENTED_EDGE ( 'NONE', *, *, #488, .F. ) ;
#2491 = VERTEX_POINT ( 'NONE', #1814 ) ;
#2492 = VERTEX_POINT ( 'NONE', #1822 ) ;
#2493 = ORIENTED_EDGE ( 'NONE', *, *, #426, .T. ) ;
#2494 = VERTEX_POINT ( 'NONE', #1817 ) ;
#2495 = VERTEX_POINT ( 'NONE', #1819 ) ;
#2496 = ORIENTED_EDGE ( 'NONE', *, *, #432, .T. ) ;
#2497 = VERTEX_POINT ( 'NONE', #1821 ) ;
#2498 = ORIENTED_EDGE ( 'NONE', *, *, #425, .T. ) ;
#2499 = VERTEX_POINT ( 'NONE', #1826 ) ;
#2500 = ORIENTED_EDGE ( 'NONE', *, *, #422, .T. ) ;
#2501 = VERTEX_POINT ( 'NONE', #1823 ) ;
#2502 = ORIENTED_EDGE ( 'NONE', *, *, #420, .F. ) ;
#2503 = ORIENTED_EDGE ( 'NONE', *, *, #433, .T. ) ;
#2504 = VERTEX_POINT ( 'NONE', #1824 ) ;
#2505 = ORIENTED_EDGE ( 'NONE', *, *, #435, .F. ) ;
#2506 = VERTEX_POINT ( 'NONE', #1825 ) ;
#2507 = ORIENTED_EDGE ( 'NONE', *, *, #432, .F. ) ;
#2508 = VERTEX_POINT ( 'NONE', #1827 ) ;
#2509 = ORIENTED_EDGE ( 'NONE', *, *, #342, .T. ) ;
#2510 = VERTEX_POINT ( 'NONE', #1829 ) ;
#2511 = ORIENTED_EDGE ( 'NONE', *, *, #337, .F. ) ;
#2512 = VERTEX_POINT ( 'NONE', #1830 ) ;
#2513 = ORIENTED_EDGE ( 'NONE', *, *, #477, .T. ) ;
#2514 = ORIENTED_EDGE ( 'NONE', *, *, #480, .F. ) ;
#2515 = ORIENTED_EDGE ( 'NONE', *, *, #485, .T. ) ;
#2516 = VERTEX_POINT ( 'NONE', #1828 ) ;
#2517 = ORIENTED_EDGE ( 'NONE', *, *, #419, .F. ) ;
#2518 = ORIENTED_EDGE ( 'NONE', *, *, #323, .F. ) ;
#2519 = ORIENTED_EDGE ( 'NONE', *, *, #492, .F. ) ;
#2520 = ORIENTED_EDGE ( 'NONE', *, *, #338, .T. ) ;
#2521 = ORIENTED_EDGE ( 'NONE', *, *, #427, .F. ) ;
#2522 = ORIENTED_EDGE ( 'NONE', *, *, #334, .F. ) ;
#2523 = ORIENTED_EDGE ( 'NONE', *, *, #331, .F. ) ;
#2524 = ORIENTED_EDGE ( 'NONE', *, *, #317, .T. ) ;
#2525 = ORIENTED_EDGE ( 'NONE', *, *, #336, .F. ) ;
#2526 = ORIENTED_EDGE ( 'NONE', *, *, #338, .F. ) ;
#2527 = ORIENTED_EDGE ( 'NONE', *, *, #489, .F. ) ;
#2528 = ORIENTED_EDGE ( 'NONE', *, *, #476, .T. ) ;
#2529 = ORIENTED_EDGE ( 'NONE', *, *, #479, .F. ) ;
#2530 = ORIENTED_EDGE ( 'NONE', *, *, #421, .F. ) ;
#2531 = ORIENTED_EDGE ( 'NONE', *, *, #485, .F. ) ;
#2532 = ORIENTED_EDGE ( 'NONE', *, *, #309, .F. ) ;
#2533 = ORIENTED_EDGE ( 'NONE', *, *, #308, .F. ) ;
#2534 = VERTEX_POINT ( 'NONE', #1833 ) ;
#2535 = VERTEX_POINT ( 'NONE', #1836 ) ;
#2536 = VERTEX_POINT ( 'NONE', #1837 ) ;
#2537 = ORIENTED_EDGE ( 'NONE', *, *, #335, .T. ) ;
#2538 = VERTEX_POINT ( 'NONE', #1831 ) ;
#2539 = ORIENTED_EDGE ( 'NONE', *, *, #424, .T. ) ;
#2540 = ORIENTED_EDGE ( 'NONE', *, *, #475, .F. ) ;
#2541 = ORIENTED_EDGE ( 'NONE', *, *, #437, .T. ) ;
#2542 = ORIENTED_EDGE ( 'NONE', *, *, #347, .F. ) ;
#2543 = ORIENTED_EDGE ( 'NONE', *, *, #324, .T. ) ;
#2544 = ORIENTED_EDGE ( 'NONE', *, *, #430, .F. ) ;
#2545 = ORIENTED_EDGE ( 'NONE', *, *, #431, .T. ) ;
#2546 = ORIENTED_EDGE ( 'NONE', *, *, #304, .F. ) ;
#2547 = ORIENTED_EDGE ( 'NONE', *, *, #436, .T. ) ;
#2548 = ORIENTED_EDGE ( 'NONE', *, *, #423, .T. ) ;
#2549 = ORIENTED_EDGE ( 'NONE', *, *, #318, .F. ) ;
#2550 = ORIENTED_EDGE ( 'NONE', *, *, #345, .F. ) ;
#2551 = ORIENTED_EDGE ( 'NONE', *, *, #322, .F. ) ;
#2552 = ORIENTED_EDGE ( 'NONE', *, *, #434, .F. ) ;
#2553 = ORIENTED_EDGE ( 'NONE', *, *, #478, .T. ) ;
#2554 = ORIENTED_EDGE ( 'NONE', *, *, #332, .F. ) ;
#2555 = ORIENTED_EDGE ( 'NONE', *, *, #327, .T. ) ;
#2556 = ORIENTED_EDGE ( 'NONE', *, *, #302, .F. ) ;
#2557 = ORIENTED_EDGE ( 'NONE', *, *, #311, .F. ) ;
#2558 = ORIENTED_EDGE ( 'NONE', *, *, #319, .T. ) ;
#2559 = ORIENTED_EDGE ( 'NONE', *, *, #320, .T. ) ;
#2560 = ORIENTED_EDGE ( 'NONE', *, *, #329, .F. ) ;
#2561 = ORIENTED_EDGE ( 'NONE', *, *, #321, .F. ) ;
#2562 = ORIENTED_EDGE ( 'NONE', *, *, #307, .F. ) ;
#2563 = ORIENTED_EDGE ( 'NONE', *, *, #305, .F. ) ;
#2564 = ORIENTED_EDGE ( 'NONE', *, *, #320, .F. ) ;
#2565 = ORIENTED_EDGE ( 'NONE', *, *, #310, .F. ) ;
#2566 = ORIENTED_EDGE ( 'NONE', *, *, #307, .T. ) ;
#2567 = ORIENTED_EDGE ( 'NONE', *, *, #306, .T. ) ;
#2568 = ORIENTED_EDGE ( 'NONE', *, *, #301, .F. ) ;
#2569 = ORIENTED_EDGE ( 'NONE', *, *, #491, .T. ) ;
#2570 = VERTEX_POINT ( 'NONE', #1832 ) ;
#2571 = VERTEX_POINT ( 'NONE', #1840 ) ;
#2572 = VERTEX_POINT ( 'NONE', #1834 ) ;
#2573 = VERTEX_POINT ( 'NONE', #1841 ) ;
#2574 = VERTEX_POINT ( 'NONE', #1842 ) ;
#2575 = VERTEX_POINT ( 'NONE', #1843 ) ;
#2576 = VERTEX_POINT ( 'NONE', #1844 ) ;
#2577 = VERTEX_POINT ( 'NONE', #1845 ) ;
#2578 = VERTEX_POINT ( 'NONE', #1835 ) ;
#2579 = VERTEX_POINT ( 'NONE', #1846 ) ;
#2580 = VERTEX_POINT ( 'NONE', #1847 ) ;
#2581 = VERTEX_POINT ( 'NONE', #1838 ) ;
#2582 = VERTEX_POINT ( 'NONE', #1848 ) ;
#2583 = VERTEX_POINT ( 'NONE', #1839 ) ;
#2584 = VERTEX_POINT ( 'NONE', #1849 ) ;
#2585 = VERTEX_POINT ( 'NONE', #1850 ) ;
#2586 = VERTEX_POINT ( 'NONE', #1851 ) ;
#2587 = VERTEX_POINT ( 'NONE', #1852 ) ;
#2588 = VERTEX_POINT ( 'NONE', #1853 ) ;
#2589 = VERTEX_POINT ( 'NONE', #1854 ) ;
#2590 = VERTEX_POINT ( 'NONE', #1855 ) ;
#2591 = VERTEX_POINT ( 'NONE', #1856 ) ;
#2592 = VERTEX_POINT ( 'NONE', #1857 ) ;
#2593 = VERTEX_POINT ( 'NONE', #1858 ) ;
#2594 = VERTEX_POINT ( 'NONE', #1859 ) ;
#2595 = VERTEX_POINT ( 'NONE', #1860 ) ;
#2596 = VERTEX_POINT ( 'NONE', #1861 ) ;
#2597 = VERTEX_POINT ( 'NONE', #1862 ) ;
#2598 = VERTEX_POINT ( 'NONE', #1863 ) ;
#2599 = VERTEX_POINT ( 'NONE', #1864 ) ;
#2600 = VERTEX_POINT ( 'NONE', #1865 ) ;
#2601 = VERTEX_POINT ( 'NONE', #1866 ) ;
#2602 = VERTEX_POINT ( 'NONE', #1867 ) ;
#2603 = VERTEX_POINT ( 'NONE', #1868 ) ;
#2604 = VERTEX_POINT ( 'NONE', #1869 ) ;
#2605 = VERTEX_POINT ( 'NONE', #1870 ) ;
#2606 = VERTEX_POINT ( 'NONE', #1871 ) ;
#2607 = VERTEX_POINT ( 'NONE', #1872 ) ;
#2608 = VERTEX_POINT ( 'NONE', #1873 ) ;
#2609 = VERTEX_POINT ( 'NONE', #1874 ) ;
#2610 = VERTEX_POINT ( 'NONE', #1875 ) ;
#2611 = VERTEX_POINT ( 'NONE', #1876 ) ;
#2612 = VERTEX_POINT ( 'NONE', #1877 ) ;
#2613 = VERTEX_POINT ( 'NONE', #1878 ) ;
#2614 = VERTEX_POINT ( 'NONE', #1879 ) ;
#2615 = VERTEX_POINT ( 'NONE', #1880 ) ;
#2616 = VERTEX_POINT ( 'NONE', #1881 ) ;
#2617 = VERTEX_POINT ( 'NONE', #1882 ) ;
#2618 = VERTEX_POINT ( 'NONE', #1883 ) ;
#2619 = VERTEX_POINT ( 'NONE', #1884 ) ;
#2620 = VERTEX_POINT ( 'NONE', #1885 ) ;
#2621 = VERTEX_POINT ( 'NONE', #1886 ) ;
#2622 = VERTEX_POINT ( 'NONE', #1887 ) ;
#2623 = VERTEX_POINT ( 'NONE', #1888 ) ;
#2624 = VERTEX_POINT ( 'NONE', #1889 ) ;
#2625 = VERTEX_POINT ( 'NONE', #1890 ) ;
#2626 = VERTEX_POINT ( 'NONE', #1891 ) ;
#2627 = VERTEX_POINT ( 'NONE', #1892 ) ;
#2628 = VERTEX_POINT ( 'NONE', #1893 ) ;
#2629 = VERTEX_POINT ( 'NONE', #1894 ) ;
#2630 = VERTEX_POINT ( 'NONE', #1895 ) ;
#2631 = VERTEX_POINT ( 'NONE', #1896 ) ;
#2632 = VERTEX_POINT ( 'NONE', #1897 ) ;
#2633 = VERTEX_POINT ( 'NONE', #1898 ) ;
#2634 = VERTEX_POINT ( 'NONE', #1899 ) ;
#2635 = VERTEX_POINT ( 'NONE', #1900 ) ;
#2636 = VERTEX_POINT ( 'NONE', #1901 ) ;
#2637 = VERTEX_POINT ( 'NONE', #1902 ) ;
#2638 = VERTEX_POINT ( 'NONE', #1903 ) ;
#2639 = VERTEX_POINT ( 'NONE', #1904 ) ;
#2640 = VERTEX_POINT ( 'NONE', #1905 ) ;
#2641 = VERTEX_POINT ( 'NONE', #1906 ) ;
#2642 = VERTEX_POINT ( 'NONE', #1907 ) ;
#2643 = VERTEX_POINT ( 'NONE', #1908 ) ;
#2644 = VERTEX_POINT ( 'NONE', #1909 ) ;
#2645 = VERTEX_POINT ( 'NONE', #1910 ) ;
#2646 = VERTEX_POINT ( 'NONE', #1911 ) ;
#2647 = VERTEX_POINT ( 'NONE', #1912 ) ;
#2648 = VERTEX_POINT ( 'NONE', #1913 ) ;
#2649 = VERTEX_POINT ( 'NONE', #1914 ) ;
#2650 = VERTEX_POINT ( 'NONE', #1915 ) ;
#2651 = VERTEX_POINT ( 'NONE', #1916 ) ;
#2652 = VERTEX_POINT ( 'NONE', #1917 ) ;
#2653 = VERTEX_POINT ( 'NONE', #1918 ) ;
#2654 = VERTEX_POINT ( 'NONE', #1919 ) ;
#2655 = VERTEX_POINT ( 'NONE', #1920 ) ;
#2656 = VERTEX_POINT ( 'NONE', #1921 ) ;
#2657 = VERTEX_POINT ( 'NONE', #1922 ) ;
#2658 = VERTEX_POINT ( 'NONE', #1923 ) ;
#2659 = VERTEX_POINT ( 'NONE', #1924 ) ;
#2660 = VERTEX_POINT ( 'NONE', #1925 ) ;
#2661 = VERTEX_POINT ( 'NONE', #1926 ) ;
#2662 = VERTEX_POINT ( 'NONE', #1927 ) ;
#2663 = VERTEX_POINT ( 'NONE', #1928 ) ;
#2664 = VERTEX_POINT ( 'NONE', #1929 ) ;
#2665 = VERTEX_POINT ( 'NONE', #1930 ) ;
#2666 = VERTEX_POINT ( 'NONE', #1931 ) ;
#2667 = VERTEX_POINT ( 'NONE', #1932 ) ;
#2668 = VERTEX_POINT ( 'NONE', #1933 ) ;
#2669 = VERTEX_POINT ( 'NONE', #1934 ) ;
#2670 = VERTEX_POINT ( 'NONE', #1935 ) ;
#2671 = VERTEX_POINT ( 'NONE', #1936 ) ;
#2672 = VERTEX_POINT ( 'NONE', #1937 ) ;
#2673 = VERTEX_POINT ( 'NONE', #1938 ) ;
#2674 = VERTEX_POINT ( 'NONE', #1939 ) ;
#2675 = VERTEX_POINT ( 'NONE', #1940 ) ;
#2676 = ORIENTED_EDGE ( 'NONE', *, *, #487, .F. ) ;
#2677 = EDGE_LOOP ( 'NONE', ( #125, #49, #233, #94, #158, #115, #143, #176, #189, #101, #111, #236, #178, #84, #110, #85, #131, #113 ) ) ;
#2678 = EDGE_LOOP ( 'NONE', ( #2783, #2782, #2781, #2780, #2784, #2785 ) ) ;
#2679 = EDGE_LOOP ( 'NONE', ( #2529, #2553, #2513, #2528, #2540, #2541, #2547, #2505, #2552, #2503, #2507, #2545, #2544, #2452, #2454, #2509 ) ) ;
#2680 = EDGE_LOOP ( 'NONE', ( #127, #240, #159, #132, #192, #214 ) ) ;
#2681 = EDGE_LOOP ( 'NONE', ( #81, #177, #138, #67 ) ) ;
#2682 = EDGE_LOOP ( 'NONE', ( #2542, #2517, #2518, #2428, #2558, #2549, #2524, #2342, #2543, #2436, #2520, #2561, #2551, #2559, #2546, #2465 ) ) ;
#2683 = EDGE_LOOP ( 'NONE', ( #103, #145, #181, #2786 ) ) ;
#2684 = EDGE_LOOP ( 'NONE', ( #130, #91, #154, #197, #122, #186, #199, #168, #160 ) ) ;
#2685 = EDGE_LOOP ( 'NONE', ( #58, #222, #65, #100 ) ) ;
#2686 = EDGE_LOOP ( 'NONE', ( #223, #219, #89, #152, #140, #183, #221, #173, #136 ) ) ;
#2687 = EDGE_LOOP ( 'NONE', ( #2676, #2444, #2515, #2482 ) ) ;
#2688 = EDGE_LOOP ( 'NONE', ( #2563, #2562, #2557, #2567 ) ) ;
#2689 = EDGE_LOOP ( 'NONE', ( #2789, #2791 ) ) ;
#2690 = EDGE_LOOP ( 'NONE', ( #2459, #2569, #2458, #2490 ) ) ;
#2691 = EDGE_LOOP ( 'NONE', ( #72, #171, #185, #105 ) ) ;
#2692 = EDGE_LOOP ( 'NONE', ( #206, #202, #149, #109, #204, #216, #193 ) ) ;
#2693 = EDGE_LOOP ( 'NONE', ( #2568, #2566, #2532, #2447 ) ) ;
#2694 = EDGE_LOOP ( 'NONE', ( #226, #182, #170, #147 ) ) ;
#2695 = EDGE_LOOP ( 'NONE', ( #79, #146, #108, #164, #78, #82, #210, #215 ) ) ;
#2696 = EDGE_LOOP ( 'NONE', ( #2796, #2794, #2793, #205, #45, #48, #104, #118, #102, #241 ) ) ;
#2697 = EDGE_LOOP ( 'NONE', ( #153, #126, #139, #179 ) ) ;
#2698 = EDGE_LOOP ( 'NONE', ( #175, #62, #209, #93 ) ) ;
#2699 = EDGE_LOOP ( 'NONE', ( #227, #220, #188, #166 ) ) ;
#2700 = EDGE_LOOP ( 'NONE', ( #2533, #2441, #2565, #2564 ) ) ;
#2701 = EDGE_LOOP ( 'NONE', ( #2556, #2446, #2448, #2463 ) ) ;
#2702 = EDGE_LOOP ( 'NONE', ( #161, #97, #239, #83, #184, #137, #123, #232 ) ) ;
#2703 = EDGE_LOOP ( 'NONE', ( #203, #228, #116, #50 ) ) ;
#2704 = EDGE_LOOP ( 'NONE', ( #99, #57, #174, #119, #71, #238, #191, #95, #66, #117 ) ) ;
#2705 = EDGE_LOOP ( 'NONE', ( #827, #2435 ) ) ;
#2706 = EDGE_LOOP ( 'NONE', ( #2493, #2498, #2539, #2496, #2548, #2500 ) ) ;
#2707 = EDGE_LOOP ( 'NONE', ( #2521, #2438 ) ) ;
#2708 = EDGE_LOOP ( 'NONE', ( #2522, #2439, #2560, #2555 ) ) ;
#2709 = EDGE_LOOP ( 'NONE', ( #2788, #2790 ) ) ;
#2710 = EDGE_LOOP ( 'NONE', ( #129, #135, #86, #148 ) ) ;
#2711 = EDGE_LOOP ( 'NONE', ( #2530, #2531 ) ) ;
#2712 = EDGE_LOOP ( 'NONE', ( #124, #207, #230, #211 ) ) ;
#2713 = EDGE_LOOP ( 'NONE', ( #2799, #2800, #2801, #2797, #2795, #2792, #2798 ) ) ;
#2714 = EDGE_LOOP ( 'NONE', ( #200, #157 ) ) ;
#2715 = EDGE_LOOP ( 'NONE', ( #2554, #2537, #2523, #2787 ) ) ;
#2716 = EDGE_LOOP ( 'NONE', ( #56, #98, #88, #64, #218, #169 ) ) ;
#2717 = EDGE_LOOP ( 'NONE', ( #2519, #2449, #2450, #2485 ) ) ;
#2718 = EDGE_LOOP ( 'NONE', ( #2502, #2527 ) ) ;
#2719 = EDGE_LOOP ( 'NONE', ( #2456, #2460, #2511, #2550, #2473, #2470, #2525, #2526, #2487, #2440, #2445, #2479 ) ) ;
#2720 = EDGE_LOOP ( 'NONE', ( #2462, #2442, #2443, #2514 ) ) ;
#2721 = EDGE_LOOP ( 'NONE', ( #2410, #2411, #2412, #2413 ) ) ;
#2722 = EDGE_LOOP ( 'NONE', ( #2420, #2421 ) ) ;
#2723 = EDGE_LOOP ( 'NONE', ( #2389, #2390, #2391, #2392, #2393, #2394, #2396, #2397, #2398, #2399 ) ) ;
#2724 = EDGE_LOOP ( 'NONE', ( #861, #838, #843, #833, #865, #848, #821, #836 ) ) ;
#2725 = EDGE_LOOP ( 'NONE', ( #860, #823, #852, #820 ) ) ;
#2726 = EDGE_LOOP ( 'NONE', ( #1979, #1974, #2205, #2203 ) ) ;
#2727 = EDGE_LOOP ( 'NONE', ( #822, #830, #857, #834 ) ) ;
#2728 = EDGE_LOOP ( 'NONE', ( #2422, #2423, #2424, #2425 ) ) ;
#2729 = EDGE_LOOP ( 'NONE', ( #2381, #2382 ) ) ;
#2730 = EDGE_LOOP ( 'NONE', ( #2369, #2370, #2371, #2372, #2373, #2374, #2376, #2377, #2378, #2379 ) ) ;
#2731 = EDGE_LOOP ( 'NONE', ( #2429, #2430, #2431, #2432 ) ) ;
#2732 = EDGE_LOOP ( 'NONE', ( #2, #6, #7, #5 ) ) ;
#2733 = EDGE_LOOP ( 'NONE', ( #2209, #2208, #2227, #2222 ) ) ;
#2734 = EDGE_LOOP ( 'NONE', ( #2426, #2427 ) ) ;
#2735 = EDGE_LOOP ( 'NONE', ( #875, #873, #872, #871 ) ) ;
#2736 = EDGE_LOOP ( 'NONE', ( #165, #44, #162, #114 ) ) ;
#2737 = EDGE_LOOP ( 'NONE', ( #839, #818, #2234, #4 ) ) ;
#2738 = EDGE_LOOP ( 'NONE', ( #150, #59, #106, #80 ) ) ;
#2739 = EDGE_LOOP ( 'NONE', ( #2433, #2434 ) ) ;
#2740 = EDGE_LOOP ( 'NONE', ( #2207, #2206, #2340, #2341 ) ) ;
#2741 = EDGE_LOOP ( 'NONE', ( #87, #144, #54, #155, #231 ) ) ;
#2742 = EDGE_LOOP ( 'NONE', ( #2343, #2345 ) ) ;
#2743 = EDGE_LOOP ( 'NONE', ( #3, #9, #8, #10 ) ) ;
#2744 = EDGE_LOOP ( 'NONE', ( #2230, #2213, #2210, #2229 ) ) ;
#2745 = EDGE_LOOP ( 'NONE', ( #858, #816, #846, #825 ) ) ;
#2746 = EDGE_LOOP ( 'NONE', ( #870, #966, #965, #964, #963 ) ) ;
#2747 = EDGE_LOOP ( 'NONE', ( #212, #167, #163, #74, #47, #237, #134, #75 ) ) ;
#2748 = EDGE_LOOP ( 'NONE', ( #1975, #1959, #1973, #1988 ) ) ;
#2749 = EDGE_LOOP ( 'NONE', ( #55, #61, #156, #52, #229 ) ) ;
#2750 = EDGE_LOOP ( 'NONE', ( #2239, #2238, #2237, #2236 ) ) ;
#2751 = EDGE_LOOP ( 'NONE', ( #142, #51, #68, #53, #60, #107, #208, #69 ) ) ;
#2752 = EDGE_LOOP ( 'NONE', ( #2220, #2224, #2219, #2223 ) ) ;
#2753 = EDGE_LOOP ( 'NONE', ( #2231, #2215, #2211, #2214 ) ) ;
#2754 = EDGE_LOOP ( 'NONE', ( #2218, #2217, #2212, #2216 ) ) ;
#2755 = EDGE_LOOP ( 'NONE', ( #2383, #2384, #2385, #2386, #2387, #2388 ) ) ;
#2756 = EDGE_LOOP ( 'NONE', ( #120, #234, #96, #201 ) ) ;
#2757 = EDGE_LOOP ( 'NONE', ( #1967, #1983, #1990, #1960 ) ) ;
#2758 = EDGE_LOOP ( 'NONE', ( #2347, #2349, #2350, #2351, #2353, #2355 ) ) ;
#2759 = EDGE_LOOP ( 'NONE', ( #828, #854, #850, #817 ) ) ;
#2760 = EDGE_LOOP ( 'NONE', ( #853, #863, #840, #868, #832, #856 ) ) ;
#2761 = EDGE_LOOP ( 'NONE', ( #819, #824, #841, #845 ) ) ;
#2762 = EDGE_LOOP ( 'NONE', ( #151, #77, #213, #217, #815 ) ) ;
#2763 = EDGE_LOOP ( 'NONE', ( #859, #864, #855, #826, #869 ) ) ;
#2764 = EDGE_LOOP ( 'NONE', ( #243, #242, #2285, #2284, #874 ) ) ;
#2765 = EDGE_LOOP ( 'NONE', ( #2414, #2415 ) ) ;
#2766 = EDGE_LOOP ( 'NONE', ( #2226, #2221, #2225, #1970 ) ) ;
#2767 = EDGE_LOOP ( 'NONE', ( #1966, #1982 ) ) ;
#2768 = EDGE_LOOP ( 'NONE', ( #842, #831, #829, #847 ) ) ;
#2769 = EDGE_LOOP ( 'NONE', ( #2356, #2358, #2360, #2361, #2362, #2363, #2364, #2365, #2366, #2368 ) ) ;
#2770 = EDGE_LOOP ( 'NONE', ( #2300, #2301, #2241, #2240 ) ) ;
#2771 = EDGE_LOOP ( 'NONE', ( #224, #92, #194, #225 ) ) ;
#2772 = EDGE_LOOP ( 'NONE', ( #2416, #2417, #2418, #2419 ) ) ;
#2773 = EDGE_LOOP ( 'NONE', ( #2400, #2401, #2402, #2403, #2404, #2405, #2406, #2407, #2408, #2409 ) ) ;
#2774 = EDGE_LOOP ( 'NONE', ( #63, #187, #195, #46 ) ) ;
#2775 = EDGE_LOOP ( 'NONE', ( #198, #235, #2802, #133 ) ) ;
#2776 = EDGE_LOOP ( 'NONE', ( #73, #190, #90, #141 ) ) ;
#2777 = EDGE_LOOP ( 'NONE', ( #1981, #1968, #1985, #1963 ) ) ;
#2778 = EDGE_LOOP ( 'NONE', ( #2235, #844, #835, #866, #849, #862, #851, #837 ) ) ;
#2779 = EDGE_LOOP ( 'NONE', ( #1984, #1987, #1965, #1980, #1986, #1991, #1964, #1977, #1962, #1992, #1976, #1989 ) ) ;
#2780 = ORIENTED_EDGE ( 'NONE', *, *, #365, .T. ) ;
#2781 = ORIENTED_EDGE ( 'NONE', *, *, #344, .T. ) ;
#2782 = ORIENTED_EDGE ( 'NONE', *, *, #419, .T. ) ;
#2783 = ORIENTED_EDGE ( 'NONE', *, *, #380, .F. ) ;
#2784 = ORIENTED_EDGE ( 'NONE', *, *, #360, .F. ) ;
#2785 = ORIENTED_EDGE ( 'NONE', *, *, #389, .T. ) ;
#2786 = ORIENTED_EDGE ( 'NONE', *, *, #430, .T. ) ;
#2787 = ORIENTED_EDGE ( 'NONE', *, *, #326, .F. ) ;
#2788 = ORIENTED_EDGE ( 'NONE', *, *, #330, .F. ) ;
#2789 = ORIENTED_EDGE ( 'NONE', *, *, #368, .F. ) ;
#2790 = ORIENTED_EDGE ( 'NONE', *, *, #327, .F. ) ;
#2791 = ORIENTED_EDGE ( 'NONE', *, *, #335, .F. ) ;
#2792 = ORIENTED_EDGE ( 'NONE', *, *, #370, .T. ) ;
#2793 = ORIENTED_EDGE ( 'NONE', *, *, #405, .T. ) ;
#2794 = ORIENTED_EDGE ( 'NONE', *, *, #393, .T. ) ;
#2795 = ORIENTED_EDGE ( 'NONE', *, *, #395, .F. ) ;
#2796 = ORIENTED_EDGE ( 'NONE', *, *, #333, .F. ) ;
#2797 = ORIENTED_EDGE ( 'NONE', *, *, #402, .F. ) ;
#2798 = ORIENTED_EDGE ( 'NONE', *, *, #406, .T. ) ;
#2799 = ORIENTED_EDGE ( 'NONE', *, *, #363, .T. ) ;
#2800 = ORIENTED_EDGE ( 'NONE', *, *, #348, .T. ) ;
#2801 = ORIENTED_EDGE ( 'NONE', *, *, #325, .T. ) ;
#2802 = ORIENTED_EDGE ( 'NONE', *, *, #438, .T. ) ;
#2803 = LINE ( 'NONE', #2166, #2810 ) ;
#2804 = LINE ( 'NONE', #2194, #2805 ) ;
#2805 = VECTOR ( 'NONE', #2178, 1000.000000000000000 ) ;
#2806 = LINE ( 'NONE', #2191, #2814 ) ;
#2807 = LINE ( 'NONE', #2180, #2808 ) ;
#2808 = VECTOR ( 'NONE', #2192, 1000.000000000000000 ) ;
#2809 = LINE ( 'NONE', #2198, #2812 ) ;
#2810 = VECTOR ( 'NONE', #2193, 1000.000000000000000 ) ;
#2811 = LINE ( 'NONE', #2183, #2818 ) ;
#2812 = VECTOR ( 'NONE', #2159, 1000.000000000000000 ) ;
#2813 = LINE ( 'NONE', #2165, #2816 ) ;
#2814 = VECTOR ( 'NONE', #2158, 1000.000000000000000 ) ;
#2815 = LINE ( 'NONE', #2190, #2820 ) ;
#2816 = VECTOR ( 'NONE', #2199, 1000.000000000000000 ) ;
#2817 = LINE ( 'NONE', #2184, #2822 ) ;
#2818 = VECTOR ( 'NONE', #2202, 1000.000000000000000 ) ;
#2819 = LINE ( 'NONE', #2201, #2828 ) ;
#2820 = VECTOR ( 'NONE', #2200, 1000.000000000000000 ) ;
#2821 = LINE ( 'NONE', #2197, #2824 ) ;
#2822 = VECTOR ( 'NONE', #2196, 1000.000000000000000 ) ;
#2823 = LINE ( 'NONE', #2187, #2826 ) ;
#2824 = VECTOR ( 'NONE', #2188, 1000.000000000000000 ) ;
#2825 = LINE ( 'NONE', #2175, #2830 ) ;
#2826 = VECTOR ( 'NONE', #2173, 1000.000000000000000 ) ;
#2827 = LINE ( 'NONE', #2174, #2832 ) ;
#2828 = VECTOR ( 'NONE', #2171, 1000.000000000000000 ) ;
#2829 = LINE ( 'NONE', #2177, #2836 ) ;
#2830 = VECTOR ( 'NONE', #2195, 1000.000000000000000 ) ;
#2831 = LINE ( 'NONE', #2162, #2834 ) ;
#2832 = VECTOR ( 'NONE', #2189, 1000.000000000000000 ) ;
#2833 = LINE ( 'NONE', #2186, #2838 ) ;
#2834 = VECTOR ( 'NONE', #2169, 1000.000000000000000 ) ;
#2835 = LINE ( 'NONE', #2170, #2841 ) ;
#2836 = VECTOR ( 'NONE', #2168, 1000.000000000000000 ) ;
#2837 = LINE ( 'NONE', #2155, #2840 ) ;
#2838 = VECTOR ( 'NONE', #2163, 1000.000000000000000 ) ;
#2839 = LINE ( 'NONE', #2164, #2843 ) ;
#2840 = VECTOR ( 'NONE', #2160, 1000.000000000000000 ) ;
#2841 = VECTOR ( 'NONE', #2157, 1000.000000000000000 ) ;
#2842 = LINE ( 'NONE', #2134, #2845 ) ;
#2843 = VECTOR ( 'NONE', #2156, 1000.000000000000000 ) ;
#2844 = LINE ( 'NONE', #2104, #2846 ) ;
#2845 = VECTOR ( 'NONE', #2107, 1000.000000000000000 ) ;
#2846 = VECTOR ( 'NONE', #2136, 1000.000000000000000 ) ;
#2847 = CIRCLE ( 'NONE', #511, 1.074999999999999500 ) ;
#2848 = VECTOR ( 'NONE', #2101, 1000.000000000000000 ) ;
#2849 = CIRCLE ( 'NONE', #512, 1.199999999999999700 ) ;
#2850 = LINE ( 'NONE', #2126, #2848 ) ;
#2851 = LINE ( 'NONE', #2111, #2853 ) ;
#2852 = LINE ( 'NONE', #801, #2863 ) ;
#2853 = VECTOR ( 'NONE', #2112, 1000.000000000000000 ) ;
#2854 = LINE ( 'NONE', #795, #2856 ) ;
#2855 = LINE ( 'NONE', #804, #2858 ) ;
#2856 = VECTOR ( 'NONE', #789, 1000.000000000000000 ) ;
#2857 = LINE ( 'NONE', #785, #2860 ) ;
#2858 = VECTOR ( 'NONE', #777, 1000.000000000000000 ) ;
#2859 = CIRCLE ( 'NONE', #513, 1.199999999999999700 ) ;
#2860 = VECTOR ( 'NONE', #780, 1000.000000000000000 ) ;
#2861 = LINE ( 'NONE', #773, #2868 ) ;
#2862 = CIRCLE ( 'NONE', #514, 1.000000000000000000 ) ;
#2863 = VECTOR ( 'NONE', #799, 1000.000000000000000 ) ;
#2864 = VECTOR ( 'NONE', #774, 1000.000000000000000 ) ;
#2865 = LINE ( 'NONE', #775, #2864 ) ;
#2866 = LINE ( 'NONE', #779, #2870 ) ;
#2867 = LINE ( 'NONE', #782, #2872 ) ;
#2868 = VECTOR ( 'NONE', #770, 1000.000000000000000 ) ;
#2869 = LINE ( 'NONE', #772, #2874 ) ;
#2870 = VECTOR ( 'NONE', #769, 1000.000000000000000 ) ;
#2871 = CIRCLE ( 'NONE', #515, 0.2249999999999995100 ) ;
#2872 = VECTOR ( 'NONE', #768, 1000.000000000000000 ) ;
#2873 = CIRCLE ( 'NONE', #516, 0.2249999999999995100 ) ;
#2874 = VECTOR ( 'NONE', #2243, 1000.000000000000000 ) ;
#2875 = CIRCLE ( 'NONE', #517, 0.2249999999999995100 ) ;
#2876 = CIRCLE ( 'NONE', #518, 0.2249999999999995100 ) ;
#2877 = CIRCLE ( 'NONE', #519, 0.5000000000000000000 ) ;
#2878 = LINE ( 'NONE', #2259, #2881 ) ;
#2879 = LINE ( 'NONE', #2264, #2883 ) ;
#2880 = LINE ( 'NONE', #2244, #2885 ) ;
#2881 = VECTOR ( 'NONE', #2246, 1000.000000000000000 ) ;
#2882 = LINE ( 'NONE', #2269, #2888 ) ;
#2883 = VECTOR ( 'NONE', #2254, 1000.000000000000000 ) ;
#2884 = CIRCLE ( 'NONE', #520, 1.199999999999999700 ) ;
#2885 = VECTOR ( 'NONE', #2270, 1000.000000000000000 ) ;
#2886 = CIRCLE ( 'NONE', #522, 1.199999999999999700 ) ;
#2887 = LINE ( 'NONE', #2272, #2890 ) ;
#2888 = VECTOR ( 'NONE', #2271, 1000.000000000000000 ) ;
#2889 = CIRCLE ( 'NONE', #521, 1.199999999999999700 ) ;
#2890 = VECTOR ( 'NONE', #2263, 1000.000000000000000 ) ;
#2891 = LINE ( 'NONE', #2333, #2894 ) ;
#2892 = LINE ( 'NONE', #2304, #2899 ) ;
#2893 = LINE ( 'NONE', #2332, #2896 ) ;
#2894 = VECTOR ( 'NONE', #2328, 1000.000000000000000 ) ;
#2895 = LINE ( 'NONE', #2310, #2898 ) ;
#2896 = VECTOR ( 'NONE', #2309, 1000.000000000000000 ) ;
#2897 = LINE ( 'NONE', #2307, #2900 ) ;
#2898 = VECTOR ( 'NONE', #2337, 1000.000000000000000 ) ;
#2899 = VECTOR ( 'NONE', #2320, 1000.000000000000000 ) ;
#2900 = VECTOR ( 'NONE', #2308, 1000.000000000000000 ) ;
#2901 = LINE ( 'NONE', #2305, #2904 ) ;
#2902 = LINE ( 'NONE', #2323, #2906 ) ;
#2903 = CIRCLE ( 'NONE', #523, 1.074999999999999500 ) ;
#2904 = VECTOR ( 'NONE', #2321, 1000.000000000000000 ) ;
#2905 = LINE ( 'NONE', #2306, #2908 ) ;
#2906 = VECTOR ( 'NONE', #2338, 1000.000000000000000 ) ;
#2907 = LINE ( 'NONE', #2339, #2910 ) ;
#2908 = VECTOR ( 'NONE', #2318, 1000.000000000000000 ) ;
#2909 = LINE ( 'NONE', #2336, #2913 ) ;
#2910 = VECTOR ( 'NONE', #2324, 1000.000000000000000 ) ;
#2911 = LINE ( 'NONE', #35, #2914 ) ;
#2912 = CIRCLE ( 'NONE', #524, 1.074999999999999500 ) ;
#2913 = VECTOR ( 'NONE', #2312, 1000.000000000000000 ) ;
#2914 = VECTOR ( 'NONE', #33, 1000.000000000000000 ) ;
#2915 = LINE ( 'NONE', #2335, #2920 ) ;
#2916 = LINE ( 'NONE', #32, #2918 ) ;
#2917 = CIRCLE ( 'NONE', #526, 1.199999999999999700 ) ;
#2918 = VECTOR ( 'NONE', #30, 1000.000000000000000 ) ;
#2919 = CIRCLE ( 'NONE', #525, 1.074999999999999500 ) ;
#2920 = VECTOR ( 'NONE', #29, 1000.000000000000000 ) ;
#2921 = CIRCLE ( 'NONE', #527, 1.000000000000000000 ) ;
#2922 = LINE ( 'NONE', #12, #2925 ) ;
#2923 = LINE ( 'NONE', #2113, #2924 ) ;
#2924 = VECTOR ( 'NONE', #986, 1000.000000000000000 ) ;
#2925 = VECTOR ( 'NONE', #31, 1000.000000000000000 ) ;
#2926 = VECTOR ( 'NONE', #991, 1000.000000000000000 ) ;
#2927 = CIRCLE ( 'NONE', #529, 1.000000000000000000 ) ;
#2928 = CIRCLE ( 'NONE', #528, 1.074999999999999500 ) ;
#2929 = LINE ( 'NONE', #990, #2926 ) ;
#2930 = LINE ( 'NONE', #994, #2933 ) ;
#2931 = LINE ( 'NONE', #999, #2935 ) ;
#2932 = LINE ( 'NONE', #1039, #2938 ) ;
#2933 = VECTOR ( 'NONE', #968, 1000.000000000000000 ) ;
#2934 = CIRCLE ( 'NONE', #530, 1.074999999999999500 ) ;
#2935 = VECTOR ( 'NONE', #969, 1000.000000000000000 ) ;
#2936 = CIRCLE ( 'NONE', #532, 1.074999999999999500 ) ;
#2937 = CIRCLE ( 'NONE', #531, 1.074999999999999500 ) ;
#2938 = VECTOR ( 'NONE', #967, 1000.000000000000000 ) ;
#2939 = LINE ( 'NONE', #1073, #2942 ) ;
#2940 = CIRCLE ( 'NONE', #533, 1.074999999999999500 ) ;
#2941 = LINE ( 'NONE', #1040, #2944 ) ;
#2942 = VECTOR ( 'NONE', #1026, 1000.000000000000000 ) ;
#2943 = LINE ( 'NONE', #1020, #2946 ) ;
#2944 = VECTOR ( 'NONE', #1010, 1000.000000000000000 ) ;
#2945 = LINE ( 'NONE', #1024, #2952 ) ;
#2946 = VECTOR ( 'NONE', #1030, 1000.000000000000000 ) ;
#2947 = CIRCLE ( 'NONE', #534, 1.074999999999999500 ) ;
#2948 = LINE ( 'NONE', #976, #2950 ) ;
#2949 = LINE ( 'NONE', #1023, #2956 ) ;
#2950 = VECTOR ( 'NONE', #977, 1000.000000000000000 ) ;
#2951 = LINE ( 'NONE', #1005, #2954 ) ;
#2952 = VECTOR ( 'NONE', #1008, 1000.000000000000000 ) ;
#2953 = LINE ( 'NONE', #1022, #2960 ) ;
#2954 = VECTOR ( 'NONE', #1007, 1000.000000000000000 ) ;
#2955 = LINE ( 'NONE', #1001, #2958 ) ;
#2956 = VECTOR ( 'NONE', #1000, 1000.000000000000000 ) ;
#2957 = LINE ( 'NONE', #1006, #2962 ) ;
#2958 = VECTOR ( 'NONE', #1004, 1000.000000000000000 ) ;
#2959 = LINE ( 'NONE', #1002, #2966 ) ;
#2960 = VECTOR ( 'NONE', #1011, 1000.000000000000000 ) ;
#2961 = LINE ( 'NONE', #1033, #2964 ) ;
#2962 = VECTOR ( 'NONE', #1009, 1000.000000000000000 ) ;
#2963 = LINE ( 'NONE', #1012, #2968 ) ;
#2964 = VECTOR ( 'NONE', #1066, 1000.000000000000000 ) ;
#2965 = LINE ( 'NONE', #1056, #2973 ) ;
#2966 = VECTOR ( 'NONE', #1031, 1000.000000000000000 ) ;
#2967 = LINE ( 'NONE', #1065, #2970 ) ;
#2968 = VECTOR ( 'NONE', #1068, 1000.000000000000000 ) ;
#2969 = CIRCLE ( 'NONE', #535, 1.199999999999999700 ) ;
#2970 = VECTOR ( 'NONE', #1062, 1000.000000000000000 ) ;
#2971 = LINE ( 'NONE', #1077, #2978 ) ;
#2972 = LINE ( 'NONE', #1049, #2975 ) ;
#2973 = VECTOR ( 'NONE', #1032, 1000.000000000000000 ) ;
#2974 = CIRCLE ( 'NONE', #536, 1.074999999999999500 ) ;
#2975 = VECTOR ( 'NONE', #1071, 1000.000000000000000 ) ;
#2976 = LINE ( 'NONE', #993, #2984 ) ;
#2977 = LINE ( 'NONE', #1055, #2980 ) ;
#2978 = VECTOR ( 'NONE', #1041, 1000.000000000000000 ) ;
#2979 = LINE ( 'NONE', #1078, #2982 ) ;
#2980 = VECTOR ( 'NONE', #973, 1000.000000000000000 ) ;
#2981 = LINE ( 'NONE', #998, #2987 ) ;
#2982 = VECTOR ( 'NONE', #984, 1000.000000000000000 ) ;
#2983 = CIRCLE ( 'NONE', #537, 1.074999999999999500 ) ;
#2984 = VECTOR ( 'NONE', #1075, 1000.000000000000000 ) ;
#2985 = LINE ( 'NONE', #980, #2991 ) ;
#2986 = LINE ( 'NONE', #1063, #2989 ) ;
#2987 = VECTOR ( 'NONE', #1048, 1000.000000000000000 ) ;
#2988 = LINE ( 'NONE', #1057, #2993 ) ;
#2989 = VECTOR ( 'NONE', #992, 1000.000000000000000 ) ;
#2990 = LINE ( 'NONE', #2277, #2996 ) ;
#2991 = VECTOR ( 'NONE', #1036, 1000.000000000000000 ) ;
#2992 = LINE ( 'NONE', #1080, #2995 ) ;
#2993 = VECTOR ( 'NONE', #1059, 1000.000000000000000 ) ;
#2994 = LINE ( 'NONE', #2248, #2997 ) ;
#2995 = VECTOR ( 'NONE', #1082, 1000.000000000000000 ) ;
#2996 = VECTOR ( 'NONE', #2274, 1000.000000000000000 ) ;
#2997 = VECTOR ( 'NONE', #2276, 1000.000000000000000 ) ;
#2998 = LINE ( 'NONE', #2281, #3005 ) ;
#2999 = LINE ( 'NONE', #1076, #3001 ) ;
#3000 = LINE ( 'NONE', #2283, #3003 ) ;
#3001 = VECTOR ( 'NONE', #2298, 1000.000000000000000 ) ;
#3002 = LINE ( 'NONE', #808, #3010 ) ;
#3003 = VECTOR ( 'NONE', #1, 1000.000000000000000 ) ;
#3004 = CIRCLE ( 'NONE', #538, 1.000000000000000000 ) ;
#3005 = VECTOR ( 'NONE', #805, 1000.000000000000000 ) ;
#3006 = LINE ( 'NONE', #2242, #3008 ) ;
#3007 = LINE ( 'NONE', #2153, #3009 ) ;
#3008 = VECTOR ( 'NONE', #809, 1000.000000000000000 ) ;
#3009 = VECTOR ( 'NONE', #2295, 1000.000000000000000 ) ;
#3010 = VECTOR ( 'NONE', #812, 1000.000000000000000 ) ;
#3011 = CIRCLE ( 'NONE', #540, 0.5000000000000000000 ) ;
#3012 = LINE ( 'NONE', #2294, #3014 ) ;
#3013 = LINE ( 'NONE', #2296, #3016 ) ;
#3014 = VECTOR ( 'NONE', #2297, 1000.000000000000000 ) ;
#3015 = CIRCLE ( 'NONE', #539, 0.5000000000000000000 ) ;
#3016 = VECTOR ( 'NONE', #2290, 1000.000000000000000 ) ;
#3017 = LINE ( 'NONE', #962, #3023 ) ;
#3018 = CIRCLE ( 'NONE', #541, 1.074999999999999500 ) ;
#3019 = LINE ( 'NONE', #2287, #3021 ) ;
#3020 = LINE ( 'NONE', #918, #3038 ) ;
#3021 = VECTOR ( 'NONE', #2293, 1000.000000000000000 ) ;
#3022 = LINE ( 'NONE', #946, #3025 ) ;
#3023 = VECTOR ( 'NONE', #953, 1000.000000000000000 ) ;
#3024 = LINE ( 'NONE', #950, #3027 ) ;
#3025 = VECTOR ( 'NONE', #945, 1000.000000000000000 ) ;
#3026 = LINE ( 'NONE', #960, #3029 ) ;
#3027 = VECTOR ( 'NONE', #961, 1000.000000000000000 ) ;
#3028 = LINE ( 'NONE', #955, #3031 ) ;
#3029 = VECTOR ( 'NONE', #958, 1000.000000000000000 ) ;
#3030 = LINE ( 'NONE', #952, #3033 ) ;
#3031 = VECTOR ( 'NONE', #954, 1000.000000000000000 ) ;
#3032 = LINE ( 'NONE', #949, #3035 ) ;
#3033 = VECTOR ( 'NONE', #951, 1000.000000000000000 ) ;
#3034 = LINE ( 'NONE', #947, #3037 ) ;
#3035 = VECTOR ( 'NONE', #948, 1000.000000000000000 ) ;
#3036 = LINE ( 'NONE', #943, #3039 ) ;
#3037 = VECTOR ( 'NONE', #944, 1000.000000000000000 ) ;
#3038 = VECTOR ( 'NONE', #917, 1000.000000000000000 ) ;
#3039 = VECTOR ( 'NONE', #942, 1000.000000000000000 ) ;
#3040 = CIRCLE ( 'NONE', #544, 0.5000000000000000000 ) ;
#3041 = LINE ( 'NONE', #916, #3043 ) ;
#3042 = CIRCLE ( 'NONE', #542, 1.199999999999999700 ) ;
#3043 = VECTOR ( 'NONE', #915, 1000.000000000000000 ) ;
#3044 = LINE ( 'NONE', #941, #3046 ) ;
#3045 = LINE ( 'NONE', #909, #3048 ) ;
#3046 = VECTOR ( 'NONE', #940, 1000.000000000000000 ) ;
#3047 = LINE ( 'NONE', #907, #3050 ) ;
#3048 = VECTOR ( 'NONE', #908, 1000.000000000000000 ) ;
#3049 = CIRCLE ( 'NONE', #543, 0.5000000000000000000 ) ;
#3050 = VECTOR ( 'NONE', #906, 1000.000000000000000 ) ;
#3051 = LINE ( 'NONE', #914, #3053 ) ;
#3052 = LINE ( 'NONE', #900, #3055 ) ;
#3053 = VECTOR ( 'NONE', #913, 1000.000000000000000 ) ;
#3054 = LINE ( 'NONE', #898, #3057 ) ;
#3055 = VECTOR ( 'NONE', #899, 1000.000000000000000 ) ;
#3056 = LINE ( 'NONE', #894, #3062 ) ;
#3057 = VECTOR ( 'NONE', #896, 1000.000000000000000 ) ;
#3058 = LINE ( 'NONE', #897, #3060 ) ;
#3059 = CIRCLE ( 'NONE', #545, 1.074999999999999500 ) ;
#3060 = VECTOR ( 'NONE', #905, 1000.000000000000000 ) ;
#3061 = LINE ( 'NONE', #888, #3064 ) ;
#3062 = VECTOR ( 'NONE', #889, 1000.000000000000000 ) ;
#3063 = LINE ( 'NONE', #886, #3066 ) ;
#3064 = VECTOR ( 'NONE', #887, 1000.000000000000000 ) ;
#3065 = LINE ( 'NONE', #884, #3068 ) ;
#3066 = VECTOR ( 'NONE', #885, 1000.000000000000000 ) ;
#3067 = LINE ( 'NONE', #40, #3073 ) ;
#3068 = VECTOR ( 'NONE', #883, 1000.000000000000000 ) ;
#3069 = CIRCLE ( 'NONE', #547, 0.2249999999999995100 ) ;
#3070 = CIRCLE ( 'NONE', #546, 0.2249999999999995100 ) ;
#3071 = LINE ( 'NONE', #41, #3075 ) ;
#3072 = CIRCLE ( 'NONE', #550, 0.2249999999999995100 ) ;
#3073 = VECTOR ( 'NONE', #880, 1000.000000000000000 ) ;
#3074 = LINE ( 'NONE', #1089, #3077 ) ;
#3075 = VECTOR ( 'NONE', #1087, 1000.000000000000000 ) ;
#3076 = CIRCLE ( 'NONE', #548, 1.074999999999999500 ) ;
#3077 = VECTOR ( 'NONE', #1090, 1000.000000000000000 ) ;
#3078 = LINE ( 'NONE', #34, #3080 ) ;
#3079 = CIRCLE ( 'NONE', #549, 0.2249999999999995100 ) ;
#3080 = VECTOR ( 'NONE', #1095, 1000.000000000000000 ) ;
#3081 = LINE ( 'NONE', #1101, #3084 ) ;
#3082 = LINE ( 'NONE', #1129, #3097 ) ;
#3083 = CIRCLE ( 'NONE', #551, 1.074999999999999500 ) ;
#3084 = VECTOR ( 'NONE', #1096, 1000.000000000000000 ) ;
#3085 = LINE ( 'NONE', #1091, #3087 ) ;
#3086 = CIRCLE ( 'NONE', #552, 1.074999999999999500 ) ;
#3087 = VECTOR ( 'NONE', #1100, 1000.000000000000000 ) ;
#3088 = LINE ( 'NONE', #1105, #3090 ) ;
#3089 = CIRCLE ( 'NONE', #553, 1.074999999999999500 ) ;
#3090 = VECTOR ( 'NONE', #1106, 1000.000000000000000 ) ;
#3091 = LINE ( 'NONE', #1110, #3093 ) ;
#3092 = LINE ( 'NONE', #1121, #3094 ) ;
#3093 = VECTOR ( 'NONE', #1111, 1000.000000000000000 ) ;
#3094 = VECTOR ( 'NONE', #1128, 1000.000000000000000 ) ;
#3095 = LINE ( 'NONE', #1122, #3103 ) ;
#3096 = LINE ( 'NONE', #1132, #3099 ) ;
#3097 = VECTOR ( 'NONE', #1131, 1000.000000000000000 ) ;
#3098 = LINE ( 'NONE', #1134, #3101 ) ;
#3099 = VECTOR ( 'NONE', #1133, 1000.000000000000000 ) ;
#3100 = LINE ( 'NONE', #1120, #3107 ) ;
#3101 = VECTOR ( 'NONE', #1136, 1000.000000000000000 ) ;
#3102 = LINE ( 'NONE', #1138, #3105 ) ;
#3103 = VECTOR ( 'NONE', #1137, 1000.000000000000000 ) ;
#3104 = LINE ( 'NONE', #1135, #3111 ) ;
#3105 = VECTOR ( 'NONE', #1141, 1000.000000000000000 ) ;
#3106 = LINE ( 'NONE', #1143, #3109 ) ;
#3107 = VECTOR ( 'NONE', #1142, 1000.000000000000000 ) ;
#3108 = LINE ( 'NONE', #1170, #3139 ) ;
#3109 = VECTOR ( 'NONE', #1145, 1000.000000000000000 ) ;
#3110 = LINE ( 'NONE', #1148, #3113 ) ;
#3111 = VECTOR ( 'NONE', #1147, 1000.000000000000000 ) ;
#3112 = LINE ( 'NONE', #1150, #3115 ) ;
#3113 = VECTOR ( 'NONE', #1149, 1000.000000000000000 ) ;
#3114 = LINE ( 'NONE', #1152, #3117 ) ;
#3115 = VECTOR ( 'NONE', #1151, 1000.000000000000000 ) ;
#3116 = LINE ( 'NONE', #1154, #3119 ) ;
#3117 = VECTOR ( 'NONE', #1153, 1000.000000000000000 ) ;
#3118 = LINE ( 'NONE', #1158, #3121 ) ;
#3119 = VECTOR ( 'NONE', #1156, 1000.000000000000000 ) ;
#3120 = LINE ( 'NONE', #1160, #3123 ) ;
#3121 = VECTOR ( 'NONE', #1159, 1000.000000000000000 ) ;
#3122 = LINE ( 'NONE', #1162, #3125 ) ;
#3123 = VECTOR ( 'NONE', #1161, 1000.000000000000000 ) ;
#3124 = CIRCLE ( 'NONE', #554, 0.5000000000000004400 ) ;
#3125 = VECTOR ( 'NONE', #1163, 1000.000000000000000 ) ;
#3126 = LINE ( 'NONE', #1144, #3128 ) ;
#3127 = CIRCLE ( 'NONE', #555, 0.5000000000000004400 ) ;
#3128 = VECTOR ( 'NONE', #1139, 1000.000000000000000 ) ;
#3129 = LINE ( 'NONE', #1164, #3131 ) ;
#3130 = LINE ( 'NONE', #1174, #3133 ) ;
#3131 = VECTOR ( 'NONE', #1165, 1000.000000000000000 ) ;
#3132 = LINE ( 'NONE', #1176, #3135 ) ;
#3133 = VECTOR ( 'NONE', #1175, 1000.000000000000000 ) ;
#3134 = LINE ( 'NONE', #1178, #3137 ) ;
#3135 = VECTOR ( 'NONE', #1177, 1000.000000000000000 ) ;
#3136 = LINE ( 'NONE', #1169, #3141 ) ;
#3137 = VECTOR ( 'NONE', #1179, 1000.000000000000000 ) ;
#3138 = LINE ( 'NONE', #1189, #3148 ) ;
#3139 = VECTOR ( 'NONE', #1180, 1000.000000000000000 ) ;
#3140 = LINE ( 'NONE', #1183, #3143 ) ;
#3141 = VECTOR ( 'NONE', #1182, 999.9999999999998900 ) ;
#3142 = LINE ( 'NONE', #1185, #3145 ) ;
#3143 = VECTOR ( 'NONE', #1184, 1000.000000000000000 ) ;
#3144 = CIRCLE ( 'NONE', #556, 0.5000000000000004400 ) ;
#3145 = VECTOR ( 'NONE', #1186, 1000.000000000000000 ) ;
#3146 = CIRCLE ( 'NONE', #558, 1.074999999999999500 ) ;
#3147 = LINE ( 'NONE', #1193, #3150 ) ;
#3148 = VECTOR ( 'NONE', #1181, 1000.000000000000000 ) ;
#3149 = LINE ( 'NONE', #1195, #3152 ) ;
#3150 = VECTOR ( 'NONE', #1194, 1000.000000000000000 ) ;
#3151 = LINE ( 'NONE', #1197, #3154 ) ;
#3152 = VECTOR ( 'NONE', #1196, 1000.000000000000000 ) ;
#3153 = LINE ( 'NONE', #1199, #3156 ) ;
#3154 = VECTOR ( 'NONE', #1198, 1000.000000000000000 ) ;
#3155 = LINE ( 'NONE', #1201, #3158 ) ;
#3156 = VECTOR ( 'NONE', #1200, 1000.000000000000000 ) ;
#3157 = LINE ( 'NONE', #1203, #3160 ) ;
#3158 = VECTOR ( 'NONE', #1202, 1000.000000000000000 ) ;
#3159 = LINE ( 'NONE', #1205, #3162 ) ;
#3160 = VECTOR ( 'NONE', #1204, 1000.000000000000000 ) ;
#3161 = LINE ( 'NONE', #1207, #3164 ) ;
#3162 = VECTOR ( 'NONE', #1206, 1000.000000000000000 ) ;
#3163 = LINE ( 'NONE', #1209, #3166 ) ;
#3164 = VECTOR ( 'NONE', #1208, 1000.000000000000000 ) ;
#3165 = CIRCLE ( 'NONE', #557, 1.074999999999999500 ) ;
#3166 = VECTOR ( 'NONE', #1210, 1000.000000000000000 ) ;
#3167 = LINE ( 'NONE', #1188, #3169 ) ;
#3168 = LINE ( 'NONE', #1217, #3170 ) ;
#3169 = VECTOR ( 'NONE', #1187, 1000.000000000000000 ) ;
#3170 = VECTOR ( 'NONE', #1223, 1000.000000000000000 ) ;
#3171 = LINE ( 'NONE', #1230, #3177 ) ;
#3172 = LINE ( 'NONE', #1216, #3174 ) ;
#3173 = CIRCLE ( 'NONE', #559, 0.2249999999999995100 ) ;
#3174 = VECTOR ( 'NONE', #1218, 1000.000000000000000 ) ;
#3175 = LINE ( 'NONE', #1240, #3183 ) ;
#3176 = CIRCLE ( 'NONE', #560, 0.2249999999999995100 ) ;
#3177 = VECTOR ( 'NONE', #1224, 1000.000000000000000 ) ;
#3178 = LINE ( 'NONE', #1229, #3180 ) ;
#3179 = CIRCLE ( 'NONE', #561, 0.2249999999999995100 ) ;
#3180 = VECTOR ( 'NONE', #1228, 1000.000000000000000 ) ;
#3181 = CIRCLE ( 'NONE', #564, 0.2249999999999995100 ) ;
#3182 = CIRCLE ( 'NONE', #562, 0.2249999999999995100 ) ;
#3183 = VECTOR ( 'NONE', #1234, 1000.000000000000000 ) ;
#3184 = LINE ( 'NONE', #1239, #3186 ) ;
#3185 = CIRCLE ( 'NONE', #563, 0.2249999999999995100 ) ;
#3186 = VECTOR ( 'NONE', #1238, 1000.000000000000000 ) ;
#3187 = CIRCLE ( 'NONE', #566, 0.2249999999999995100 ) ;
#3188 = LINE ( 'NONE', #1248, #3190 ) ;
#3189 = CIRCLE ( 'NONE', #565, 0.2249999999999995100 ) ;
#3190 = VECTOR ( 'NONE', #1247, 1000.000000000000000 ) ;
#3191 = LINE ( 'NONE', #1252, #3193 ) ;
#3192 = LINE ( 'NONE', #1268, #3203 ) ;
#3193 = VECTOR ( 'NONE', #1253, 1000.000000000000000 ) ;
#3194 = LINE ( 'NONE', #1261, #3196 ) ;
#3195 = CIRCLE ( 'NONE', #567, 0.5000000000000000000 ) ;
#3196 = VECTOR ( 'NONE', #1257, 1000.000000000000000 ) ;
#3197 = LINE ( 'NONE', #1262, #3199 ) ;
#3198 = LINE ( 'NONE', #1272, #3201 ) ;
#3199 = VECTOR ( 'NONE', #1263, 1000.000000000000000 ) ;
#3200 = LINE ( 'NONE', #1287, #3222 ) ;
#3201 = VECTOR ( 'NONE', #1274, 1000.000000000000000 ) ;
#3202 = LINE ( 'NONE', #1276, #3205 ) ;
#3203 = VECTOR ( 'NONE', #1275, 1000.000000000000000 ) ;
#3204 = LINE ( 'NONE', #1278, #3207 ) ;
#3205 = VECTOR ( 'NONE', #1277, 1000.000000000000000 ) ;
#3206 = LINE ( 'NONE', #1280, #3209 ) ;
#3207 = VECTOR ( 'NONE', #1279, 1000.000000000000000 ) ;
#3208 = LINE ( 'NONE', #1282, #3211 ) ;
#3209 = VECTOR ( 'NONE', #1281, 1000.000000000000000 ) ;
#3210 = LINE ( 'NONE', #1284, #3213 ) ;
#3211 = VECTOR ( 'NONE', #1283, 1000.000000000000000 ) ;
#3212 = CIRCLE ( 'NONE', #568, 0.5000000000000004400 ) ;
#3213 = VECTOR ( 'NONE', #1285, 1000.000000000000000 ) ;
#3214 = LINE ( 'NONE', #1273, #3216 ) ;
#3215 = LINE ( 'NONE', #1291, #3218 ) ;
#3216 = VECTOR ( 'NONE', #1267, 1000.000000000000000 ) ;
#3217 = LINE ( 'NONE', #1293, #3220 ) ;
#3218 = VECTOR ( 'NONE', #1292, 1000.000000000000000 ) ;
#3219 = PRESENTATION_STYLE_ASSIGNMENT (( #1305 ) ) ;
#3220 = VECTOR ( 'NONE', #1295, 1000.000000000000000 ) ;
#3221 = LINE ( 'NONE', #1297, #3224 ) ;
#3222 = VECTOR ( 'NONE', #1296, 1000.000000000000000 ) ;
#3223 = SURFACE_STYLE_FILL_AREA ( #1303 ) ;
#3224 = VECTOR ( 'NONE', #1299, 1000.000000000000000 ) ;
#3225 = COLOUR_RGB ( '',0.5019607843137254800, 0.5019607843137254800, 0.5019607843137254800 ) ;
#3226 = CYLINDRICAL_SURFACE ( 'NONE', #585, 0.5000000000000000000 ) ;
#3227 = FACE_OUTER_BOUND ( 'NONE', #2748, .T. ) ;
#3228 = FACE_OUTER_BOUND ( 'NONE', #2738, .T. ) ;
#3229 = FACE_OUTER_BOUND ( 'NONE', #2745, .T. ) ;
#3230 = FACE_OUTER_BOUND ( 'NONE', #2702, .T. ) ;
#3231 = FACE_OUTER_BOUND ( 'NONE', #2756, .T. ) ;
#3232 = FACE_OUTER_BOUND ( 'NONE', #2703, .T. ) ;
#3233 = FACE_OUTER_BOUND ( 'NONE', #2741, .T. ) ;
#3234 = FACE_OUTER_BOUND ( 'NONE', #2684, .T. ) ;
#3235 = FACE_OUTER_BOUND ( 'NONE', #2733, .T. ) ;
#3236 = COLOUR_RGB ( '',1.000000000000000000, 1.000000000000000000, 0.5019607843137254800 ) ;
#3237 = FACE_OUTER_BOUND ( 'NONE', #2729, .T. ) ;
#3238 = CYLINDRICAL_SURFACE ( 'NONE', #582, 0.5000000000000000000 ) ;
#3239 = FACE_OUTER_BOUND ( 'NONE', #2744, .T. ) ;
#3240 = CYLINDRICAL_SURFACE ( 'NONE', #583, 0.5000000000000000000 ) ;
#3241 = FACE_OUTER_BOUND ( 'NONE', #2772, .T. ) ;
#3242 = FACE_OUTER_BOUND ( 'NONE', #2740, .T. ) ;
#3243 = CONICAL_SURFACE ( 'NONE', #579, 999.9999999999888600, 0.7853981633974427300 ) ;
#3244 = PRESENTATION_STYLE_ASSIGNMENT (( #1359 ) ) ;
#3245 = SURFACE_STYLE_FILL_AREA ( #1357 ) ;
#3246 = CONICAL_SURFACE ( 'NONE', #584, 1.199999999999999700, 0.1370661743101873600 ) ;
#3247 = FACE_OUTER_BOUND ( 'NONE', #2722, .T. ) ;
#3248 = FACE_OUTER_BOUND ( 'NONE', #2757, .T. ) ;
#3249 = SURFACE_STYLE_FILL_AREA ( #1377 ) ;
#3250 = FACE_OUTER_BOUND ( 'NONE', #2743, .T. ) ;
#3251 = CYLINDRICAL_SURFACE ( 'NONE', #590, 0.2249999999999995100 ) ;
#3252 = FACE_OUTER_BOUND ( 'NONE', #2727, .T. ) ;
#3253 = CYLINDRICAL_SURFACE ( 'NONE', #591, 0.5000000000000004400 ) ;
#3254 = PRESENTATION_STYLE_ASSIGNMENT (( #1379 ) ) ;
#3255 = CYLINDRICAL_SURFACE ( 'NONE', #592, 0.5000000000000000000 ) ;
#3256 = COLOUR_RGB ( '',1.000000000000000000, 1.000000000000000000, 0.5019607843137254800 ) ;
#3257 = FACE_OUTER_BOUND ( 'NONE', #2723, .T. ) ;
#3258 = PRESENTATION_STYLE_ASSIGNMENT (( #1404 ) ) ;
#3259 = FACE_OUTER_BOUND ( 'NONE', #2725, .T. ) ;
#3260 = FACE_OUTER_BOUND ( 'NONE', #2730, .T. ) ;
#3261 = FACE_OUTER_BOUND ( 'NONE', #2753, .T. ) ;
#3262 = COLOUR_RGB ( '',1.000000000000000000, 1.000000000000000000, 0.5019607843137254800 ) ;
#3263 = FACE_OUTER_BOUND ( 'NONE', #2739, .T. ) ;
#3264 = CYLINDRICAL_SURFACE ( 'NONE', #602, 0.5000000000000000000 ) ;
#3265 = SURFACE_STYLE_FILL_AREA ( #1402 ) ;
#3266 = CYLINDRICAL_SURFACE ( 'NONE', #603, 0.5000000000000004400 ) ;
#3267 = FACE_OUTER_BOUND ( 'NONE', #2692, .T. ) ;
#3268 = PRESENTATION_STYLE_ASSIGNMENT (( #1431 ) ) ;
#3269 = SURFACE_STYLE_FILL_AREA ( #1429 ) ;
#3270 = FACE_OUTER_BOUND ( 'NONE', #2736, .T. ) ;
#3271 = FACE_OUTER_BOUND ( 'NONE', #2771, .T. ) ;
#3272 = FACE_OUTER_BOUND ( 'NONE', #2681, .T. ) ;
#3273 = FACE_OUTER_BOUND ( 'NONE', #2731, .T. ) ;
#3274 = COLOUR_RGB ( '',1.000000000000000000, 1.000000000000000000, 0.5019607843137254800 ) ;
#3275 = FACE_OUTER_BOUND ( 'NONE', #2724, .T. ) ;
#3276 = FACE_OUTER_BOUND ( 'NONE', #2737, .T. ) ;
#3277 = PRESENTATION_STYLE_ASSIGNMENT (( #1501 ) ) ;
#3278 = FACE_OUTER_BOUND ( 'NONE', #2726, .T. ) ;
#3279 = CYLINDRICAL_SURFACE ( 'NONE', #615, 0.2249999999999995100 ) ;
#3280 = FACE_OUTER_BOUND ( 'NONE', #2758, .T. ) ;
#3281 = CYLINDRICAL_SURFACE ( 'NONE', #616, 0.5000000000000000000 ) ;
#3282 = FACE_OUTER_BOUND ( 'NONE', #2773, .T. ) ;
#3283 = CYLINDRICAL_SURFACE ( 'NONE', #617, 1.199999999999999700 ) ;
#3284 = FACE_OUTER_BOUND ( 'NONE', #2759, .T. ) ;
#3285 = CYLINDRICAL_SURFACE ( 'NONE', #618, 0.4250000000000000400 ) ;
#3286 = FACE_OUTER_BOUND ( 'NONE', #2764, .T. ) ;
#3287 = FACE_OUTER_BOUND ( 'NONE', #2716, .T. ) ;
#3288 = FACE_OUTER_BOUND ( 'NONE', #2686, .T. ) ;
#3289 = FACE_OUTER_BOUND ( 'NONE', #2714, .T. ) ;
#3290 = FACE_OUTER_BOUND ( 'NONE', #2766, .T. ) ;
#3291 = FACE_OUTER_BOUND ( 'NONE', #2774, .T. ) ;
#3292 = SURFACE_STYLE_FILL_AREA ( #1499 ) ;
#3293 = CYLINDRICAL_SURFACE ( 'NONE', #625, 0.5000000000000000000 ) ;
#3294 = FACE_OUTER_BOUND ( 'NONE', #2751, .T. ) ;
#3295 = FACE_OUTER_BOUND ( 'NONE', #2677, .T. ) ;
#3296 = FACE_OUTER_BOUND ( 'NONE', #2762, .T. ) ;
#3297 = FACE_OUTER_BOUND ( 'NONE', #2710, .T. ) ;
#3298 = FACE_OUTER_BOUND ( 'NONE', #2734, .T. ) ;
#3299 = COLOUR_RGB ( '',1.000000000000000000, 1.000000000000000000, 0.5019607843137254800 ) ;
#3300 = FACE_OUTER_BOUND ( 'NONE', #2770, .T. ) ;
#3301 = SURFACE_STYLE_FILL_AREA ( #1514 ) ;
#3302 = PRESENTATION_STYLE_ASSIGNMENT (( #1516 ) ) ;
#3303 = FACE_OUTER_BOUND ( 'NONE', #2728, .T. ) ;
#3304 = COLOUR_RGB ( '',1.000000000000000000, 1.000000000000000000, 0.5019607843137254800 ) ;
#3305 = COLOUR_RGB ( '',1.000000000000000000, 1.000000000000000000, 0.5019607843137254800 ) ;
#3306 = FACE_OUTER_BOUND ( 'NONE', #2768, .T. ) ;
#3307 = PRESENTATION_STYLE_ASSIGNMENT (( #1529 ) ) ;
#3308 = FACE_OUTER_BOUND ( 'NONE', #2721, .T. ) ;
#3309 = CYLINDRICAL_SURFACE ( 'NONE', #644, 0.2249999999999995100 ) ;
#3310 = SURFACE_STYLE_FILL_AREA ( #1527 ) ;
#3311 = CYLINDRICAL_SURFACE ( 'NONE', #645, 0.5000000000000000000 ) ;
#3312 = FACE_OUTER_BOUND ( 'NONE', #2761, .T. ) ;
#3313 = FACE_OUTER_BOUND ( 'NONE', #2735, .T. ) ;
#3314 = FACE_OUTER_BOUND ( 'NONE', #2767, .T. ) ;
#3315 = CYLINDRICAL_SURFACE ( 'NONE', #654, 0.5000000000000004400 ) ;
#3316 = CYLINDRICAL_SURFACE ( 'NONE', #648, 0.2249999999999995100 ) ;
#3317 = FACE_OUTER_BOUND ( 'NONE', #2775, .T. ) ;
#3318 = FACE_OUTER_BOUND ( 'NONE', #2779, .T. ) ;
#3319 = FACE_OUTER_BOUND ( 'NONE', #2750, .T. ) ;
#3320 = FACE_OUTER_BOUND ( 'NONE', #2732, .T. ) ;
#3321 = CYLINDRICAL_SURFACE ( 'NONE', #653, 1.074999999999999500 ) ;
#3322 = PRESENTATION_STYLE_ASSIGNMENT (( #1632 ) ) ;
#3323 = FACE_OUTER_BOUND ( 'NONE', #2752, .T. ) ;
#3324 = FACE_OUTER_BOUND ( 'NONE', #2778, .T. ) ;
#3325 = CONICAL_SURFACE ( 'NONE', #652, 999.9999999999888600, 0.7853981633974427300 ) ;
#3326 = FACE_BOUND ( 'NONE', #2712, .T. ) ;
#3327 = FACE_OUTER_BOUND ( 'NONE', #2685, .T. ) ;
#3328 = FACE_OUTER_BOUND ( 'NONE', #2704, .T. ) ;
#3329 = FACE_OUTER_BOUND ( 'NONE', #2680, .T. ) ;
#3330 = FACE_OUTER_BOUND ( 'NONE', #2776, .T. ) ;
#3331 = FACE_OUTER_BOUND ( 'NONE', #2763, .T. ) ;
#3332 = FACE_OUTER_BOUND ( 'NONE', #2754, .T. ) ;
#3333 = FACE_OUTER_BOUND ( 'NONE', #2747, .T. ) ;
#3334 = FACE_OUTER_BOUND ( 'NONE', #2749, .T. ) ;
#3335 = CYLINDRICAL_SURFACE ( 'NONE', #662, 0.5000000000000000000 ) ;
#3336 = FACE_OUTER_BOUND ( 'NONE', #2755, .T. ) ;
#3337 = CYLINDRICAL_SURFACE ( 'NONE', #663, 0.5000000000000000000 ) ;
#3338 = FACE_OUTER_BOUND ( 'NONE', #2777, .T. ) ;
#3339 = FACE_OUTER_BOUND ( 'NONE', #2699, .T. ) ;
#3340 = FACE_OUTER_BOUND ( 'NONE', #2695, .T. ) ;
#3341 = CYLINDRICAL_SURFACE ( 'NONE', #666, 0.5000000000000004400 ) ;
#3342 = SURFACE_STYLE_FILL_AREA ( #1630 ) ;
#3343 = CYLINDRICAL_SURFACE ( 'NONE', #667, 0.4250000000000000400 ) ;
#3344 = FACE_OUTER_BOUND ( 'NONE', #2698, .T. ) ;
#3345 = FACE_OUTER_BOUND ( 'NONE', #2746, .T. ) ;
#3346 = FACE_OUTER_BOUND ( 'NONE', #2742, .T. ) ;
#3347 = FACE_OUTER_BOUND ( 'NONE', #2769, .T. ) ;
#3348 = FACE_OUTER_BOUND ( 'NONE', #2765, .T. ) ;
#3349 = COLOUR_RGB ( '',1.000000000000000000, 1.000000000000000000, 0.5019607843137254800 ) ;
#3350 = FACE_OUTER_BOUND ( 'NONE', #2760, .T. ) ;
#3351 = FACE_OUTER_BOUND ( 'NONE', #2694, .T. ) ;
#3352 = FACE_OUTER_BOUND ( 'NONE', #2706, .T. ) ;
#3353 = FACE_OUTER_BOUND ( 'NONE', #2697, .T. ) ;
#3354 = FACE_OUTER_BOUND ( 'NONE', #2682, .T. ) ;
#3355 = FACE_OUTER_BOUND ( 'NONE', #2678, .T. ) ;
#3356 = CYLINDRICAL_SURFACE ( 'NONE', #681, 1.199999999999999700 ) ;
#3357 = FACE_BOUND ( 'NONE', #2705, .T. ) ;
#3358 = FACE_OUTER_BOUND ( 'NONE', #2689, .T. ) ;
#3359 = FACE_BOUND ( 'NONE', #2718, .T. ) ;
#3360 = CONICAL_SURFACE ( 'NONE', #680, 1.199999999999999700, 0.1370661743101873600 ) ;
#3361 = CYLINDRICAL_SURFACE ( 'NONE', #683, 1.074999999999999500 ) ;
#3362 = FACE_BOUND ( 'NONE', #2711, .T. ) ;
#3363 = FACE_BOUND ( 'NONE', #2707, .T. ) ;
#3364 = FACE_OUTER_BOUND ( 'NONE', #2679, .T. ) ;
#3365 = FACE_OUTER_BOUND ( 'NONE', #2683, .T. ) ;
#3366 = FACE_OUTER_BOUND ( 'NONE', #2709, .T. ) ;
#3367 = FACE_OUTER_BOUND ( 'NONE', #2708, .T. ) ;
#3368 = CYLINDRICAL_SURFACE ( 'NONE', #687, 1.074999999999999500 ) ;
#3369 = FACE_OUTER_BOUND ( 'NONE', #2687, .T. ) ;
#3370 = COLOUR_RGB ( '',1.000000000000000000, 1.000000000000000000, 0.5019607843137254800 ) ;
#3371 = SURFACE_STYLE_FILL_AREA ( #1680 ) ;
#3372 = PRESENTATION_STYLE_ASSIGNMENT (( #1682 ) ) ;
#3373 = CONICAL_SURFACE ( 'NONE', #685, 1.199999999999999700, 0.1370661743101873600 ) ;
#3374 = FACE_OUTER_BOUND ( 'NONE', #2696, .T. ) ;
#3375 = FACE_OUTER_BOUND ( 'NONE', #2719, .T. ) ;
#3376 = SURFACE_STYLE_FILL_AREA ( #1705 ) ;
#3377 = FACE_OUTER_BOUND ( 'NONE', #2713, .T. ) ;
#3378 = CYLINDRICAL_SURFACE ( 'NONE', #694, 0.2249999999999995100 ) ;
#3379 = PRESENTATION_STYLE_ASSIGNMENT (( #1707 ) ) ;
#3380 = CYLINDRICAL_SURFACE ( 'NONE', #695, 1.074999999999999500 ) ;
#3381 = FACE_OUTER_BOUND ( 'NONE', #2693, .T. ) ;
#3382 = FACE_OUTER_BOUND ( 'NONE', #2720, .T. ) ;
#3383 = COLOUR_RGB ( '',1.000000000000000000, 1.000000000000000000, 0.5019607843137254800 ) ;
ENDSEC;
END-ISO-10303-21;
